event,event_id,date,date_remark,palce,place_id
陈毅出生（正沟湾村）,246,1901-08-26 00:00:00,,正沟湾村,247.0
陈毅中选（成都市）,362,1919-04-16 00:00:00,,成都市,339.0
陈毅乘船前往法国（上海市）,2368,1919-08-12 00:00:00,,上海市,375.0
陈毅进施奈德公司做工（巴黎）,398,1920-04-01 00:00:00,1920年4月中下旬,巴黎,397.0
陈毅参与法国大规模罢工（巴黎）,399,1920-05-01 00:00:00,,巴黎,397.0
陈毅加入工学世界社（巴黎）,403,1920,1920年冬,巴黎,397.0
陈毅开始读《共产党宣言》（巴黎）,2369,1920,1920年冬,巴黎,397.0
陈毅任《新蜀报》主笔（重庆市）,455,1923,1923年夏初,重庆市,368.0
陈毅继任中法大学党支部书记（北京市）,460,1924,1924年7、8月,北京市,348.0
陈毅发起成立西山文社（北京市）,475,1925-04-01 00:00:00,1925年4月初,北京市,348.0
工农革命军第四军成立（砻市镇）,2426,1928-04-01 00:00:00,1928年4月底,砻市镇,1147.0
陈毅任第四军教导大队队长（砻市镇）,2427,1928-04-01 00:00:00,1928年4月底,砻市镇,1147.0
朱毛会师（砻市镇）,609,1928-04-01 00:00:00,1928年4月下旬,砻市镇,1147.0
朱德派陈毅赴蛟洋请毛泽东复职（松源镇）,1424,1929-08-01 00:00:00,1929年8月上旬,松源镇,776.0
陈毅按中央指示赴上海参加军事会议（龙岩市）,759,1929-08-01 00:00:00,1929年8月上旬,龙岩市,731.0
陈毅按中央指示赴上海汇报红四军情况（龙岩市）,2434,1929-08-01 00:00:00,1929年8月上旬,龙岩市,731.0
陈毅撰写《关于朱德、毛泽东红军的历史及其状况的报告》（上海市）,2431,1929-09-01 00:00:00,,上海市,375.0
陈毅撰写《关于朱、毛红军的党务概况报告》（上海市）,2432,1929-09-01 00:00:00,,上海市,375.0
陈毅撰写《关于朱、毛争论问题的报告》（上海市）,2433,1929-09-01 00:00:00,,上海市,375.0
陈毅撰写《关于赣南、闽西、粤东江农运及党的发展情况的报告》（上海市）,2430,1929-09-01 00:00:00,,上海市,375.0
陈毅撰写《前委对中央提出的意见——对全国军事运动的意见及四军本身的问题》（上海市）,2429,1929-09-01 00:00:00,,上海市,375.0
中央政治局讨论通过陈毅起草的“九月来信”（上海市）,770,1929-09-28 00:00:00,,上海市,375.0
陈毅任江西军区总指挥兼政治委员（江西省）,897,1932-01-09 00:00:00,,江西省,802.0
陈毅等被困梅山（梅岭）,1205,1936,1936年11、12月间,梅岭,1191.0
陈毅写作《梅岭三章》（梅岭）,1206,1905-04-19 00:00:00,1936年11、12月间,梅岭,1191.0
陈毅和项英等迎接周恩来传达中共六届六中全会精神（泾县云岭）,2374,1939-02-23 00:00:00,,泾县云岭,1417.0
陈毅创作《十年》（泾县云岭）,2276,1939-03-01 00:00:00,,泾县云岭,1417.0
陈毅初识张茜（泾县云岭）,2435,1939-03-01 00:00:00,,泾县云岭,1417.0
陈毅为张茜写诗（泾县云岭）,2436,1939-03-02 00:00:00,,泾县云岭,1417.0
陈毅与张茜结婚（竹箦镇）,1211,1940-01-28 00:00:00,,竹箦镇,2238.0
陈毅创作《佳期》（竹箦镇）,2277,1940-01-28 00:00:00,,竹箦镇,2238.0
陈毅接见罗生特（盐城市）,2278,1941-03-20 00:00:00,,盐城市,940.0
陈毅率部抵达黄花塘（黄花塘镇）,1310,1943-01-10 00:00:00,,黄花塘村,1115.0
中国共产党第七次全国代表大会召开（延安市）,2280,1945-04-23 00:00:00,,延安市,1119.0
陈毅创作《七大开幕》（延安市）,2282,1945-04-23 00:00:00,,延安市,1119.0
陈毅在中共七大上发言（延安市）,1289,1945-05-01 00:00:00,,延安市,1119.0
华东野战军成立（临沂市）,1406,1947-01-01 00:00:00,,临沂市,1551.0
陈毅任华东军区、华东野战军司令员兼政治委员、华东野战军前委书记（临沂市）,1549,1947-01-01 00:00:00,,临沂市,1551.0
陈毅在鲁南会议上做报告（临沂市）,2437,1947-01-02 00:00:00,,临沂市,1551.0
陈毅参加中共中央书记处会议（城南庄镇）,2445,1948-04-30 00:00:00,,城南庄镇,2215.0
陈毅汇报中原情况（城南庄镇）,2446,1948-04-30 00:00:00,,城南庄镇,2215.0
陈毅任中央中原局第二书记（城南庄镇）,1364,1948-05-09 00:00:00,,城南庄镇,2215.0
陈毅任上海市军管会主任（上海市）,1753,1949-05-27 00:00:00,,上海市,375.0
陈毅任上海市市长（上海市）,1314,1949-05-28 00:00:00,,上海市,375.0
陈毅在上海产业界座谈会上讲话（上海市）,2447,1949-06-02 00:00:00,,上海市,375.0
中国人民政治协商会议第一届全体会议召开（北京市）,2440,1949-09-21 00:00:00,,北京市,348.0
陈毅出席中国人民政治协商会议第一届全体会议（北京市）,2438,1949-09-21 00:00:00,,北京市,348.0
陈毅在中国人民政治协商会议第一次全体会议上发言（北京市）,2443,1949-09-21 00:00:00,,北京市,348.0
陈毅当选为中央人民政府委员会委员（北京市）,2439,1949-09-30 00:00:00,,北京市,348.0
陈毅出席中央人民政府第一次会议（北京市）,2444,1949-10-01 00:00:00,,北京市,348.0
陈毅参加开国大典（北京市）,2283,1949-10-01 00:00:00,,北京市,348.0
陈毅创作《开国小言》五言诗一组（北京市）,2284,1949-10-01 00:00:00,,北京市,348.0
陈毅参加华东军政委员会成立大会（上海市）,2329,1950-01-27 00:00:00,,上海市,375.0
陈毅任华东军政委员会委员（上海市）,2330,1950-01-27 00:00:00,,上海市,375.0
陈毅在华东军政委员会成立大会上发言（上海市）,2331,1950-01-27 00:00:00,,上海市,375.0
陈毅随刘少奇前往苏联（北京市）,2333,1952-09-30 00:00:00,,北京市,348.0
陈毅随刘少奇出席苏联共产党(布尔什维克)第十九次代表大会（莫斯科市）,2334,1952-10-05 00:00:00,,莫斯科市,623.0
陈毅率代表团前往德意志民主共和国（北京市）,2337,1954-10-03 00:00:00,,北京市,348.0
陈毅出席德意志民主共和国成立5周年国庆典礼（柏林市）,2338,1954-10-06 00:00:00,,柏林市,2339.0
陈毅随周恩来前往印度尼西亚（北京市）,2350,1955-04-07 00:00:00,,北京市,348.0
陈毅随周恩来出席亚非会议（万隆会议）（万隆市）,1780,1955-04-07 00:00:00,,万隆市,1781.0
陈毅出席亚非会议开幕式（万隆市）,2442,1955-04-18 00:00:00,,万隆市,1781.0
陈毅出席开国将帅授衔典礼（北京市）,2441,1955-09-27 00:00:00,,北京市,348.0
陈毅被授予中华人民共和国元帅军衔、一级八一勋章、一级独立自由勋章、一级解放勋章（北京市）,964,1955-09-27 00:00:00,,北京市,348.0
陈毅主持召开上海市第一届人民代表大会第三次会议（上海市）,2351,1955-12-17 00:00:00,,上海市,375.0
陈毅作政治报告（上海市）,2352,1955-12-17 00:00:00,,上海市,375.0
陈毅率代表团前往西藏自治区（北京市）,2353,1956-03-16 00:00:00,,北京市,348.0
陈毅率代表团抵达拉萨（拉萨市）,2354,1956-04-17 00:00:00,,拉萨市,1320.0
达赖喇嘛、班禅额尔德尼到拉萨西郊迎接陈毅（拉萨市）,2355,1956-04-17 00:00:00,,拉萨市,1320.0
达赖喇嘛、班禅额尔德尼到拉萨西郊迎接陈毅（拉萨市）,2355,1956-04-17 00:00:00,,拉萨市,1320.0
陈毅出席西藏自治区筹备委员会成立大会（拉萨市）,2356,1956-04-22 00:00:00,,拉萨市,1320.0
陈毅在西藏自治区筹备委员会成立大会上宣读国务院命令（拉萨市）,2359,1956-04-22 00:00:00,,拉萨市,1320.0
陈毅将西藏自治区筹备委员会印鉴授予达赖喇嘛（拉萨市）,2360,1956-04-22 00:00:00,,拉萨市,1320.0
陈毅兼任外交部长（北京市）,1316,1958-02-11 00:00:00,,北京市,348.0
陈毅随周恩来前往朝鲜（北京市）,2413,1958-02-14 00:00:00,,北京市,348.0
金日成在机场欢迎周恩来、陈毅（平壤市）,2414,1958-02-14 00:00:00,,平壤市,2357.0
金日成在机场欢迎周恩来、陈毅（平壤市）,2414,1958-02-14 00:00:00,,平壤市,2357.0
陈毅出席中朝两国政府代表团会谈（平壤市）,2416,1958-02-15 00:00:00,,平壤市,2357.0
陈毅与周恩来为中国人民志愿军献花圈（元山市）,2417,1958-02-17 00:00:00,,元山市,2358.0
陈毅出席中朝联合声明签字仪式（平壤市）,2418,1958-02-19 00:00:00,,平壤市,2357.0
陈毅出席实验性原子反应堆和回旋加速器移交生产典礼（北京市）,2419,1958-09-27 00:00:00,,北京市,348.0
陈毅随周恩来前往缅甸、印度和尼泊尔（北京市）,2420,1960-04-13 00:00:00,,北京市,348.0
陈毅和周恩来参加缅甸泼水节（仰光市）,2421,1960-04-15 00:00:00,,仰光市,2296.0
陈毅和周恩来拜会缅甸总统吴温貌（仰光市）,2422,1960-04-16 00:00:00,,仰光市,2296.0
陈毅和周恩来拜会缅甸总统吴温貌（仰光市）,2422,1960-04-16 00:00:00,,仰光市,2296.0
陈毅和周恩来拜会缅甸总理吴努（仰光市）,2425,1960-04-16 00:00:00,,仰光市,2296.0
陈毅和周恩来拜会缅甸总理吴努（仰光市）,2425,1960-04-16 00:00:00,,仰光市,2296.0
陈毅与周恩来从昆明到柬埔寨（金边）,2347,1960-05-05 00:00:00,,金边,2289.0
陈毅陪同周恩来访问柬埔寨（金边）,2348,1960-05-05 00:00:00,,金边,2289.0
陈毅陪同周恩来拜会西哈努克亲王（金边）,2288,1960-05-05 00:00:00,,金边,2289.0
陈毅陪同周恩来拜会西哈努克亲王（金边）,2288,1960-05-05 00:00:00,,金边,2289.0
陈毅陪同周恩来拜会西哈努克亲王（金边）,2288,1960-05-05 00:00:00,,金边,2289.0
陈毅与周恩来从金边到磅湛（磅湛）,2365,1960-05-07 00:00:00,,磅湛,2366.0
陈毅与周恩来参加柬埔寨皇家纺织厂开幕典礼（磅湛）,2367,1960-05-07 00:00:00,,磅湛,2366.0
朗诺将军陪同陈毅与周恩来从磅湛到暹粒（暹粒）,2370,1960-05-07 00:00:00,,暹粒,2371.0
朗诺将军陪同陈毅与周恩来从磅湛到暹粒（暹粒）,2370,1960-05-07 00:00:00,,暹粒,2371.0
陈毅和周恩来从暹粒到达白马湾（白马市）,2336,1960-05-08 00:00:00,,白马市,2291.0
西哈努克亲王陪同周恩来与陈毅游览白马湾（白马市）,2290,1960-05-08 00:00:00,,白马市,2291.0
西哈努克亲王陪同周恩来与陈毅游览白马湾（白马市）,2290,1960-05-08 00:00:00,,白马市,2291.0
西哈努克亲王陪同周恩来与陈毅游览白马湾（白马市）,2290,1960-05-08 00:00:00,,白马市,2291.0
陈毅和周恩来从白马湾到金边（金边）,2372,1960-05-08 00:00:00,,金边,2289.0
周恩来和柬埔寨政府首相福·波伦签订联合声明（金边）,2373,1960-05-08 00:00:00,,金边,2289.0
陈毅出席周恩来和福·波伦的联合声明签字仪式（金边）,2375,1960-05-08 00:00:00,,金边,2289.0
陈毅出席周恩来和福·波伦的联合声明签字仪式（金边）,2375,1960-05-08 00:00:00,,金边,2289.0
陈毅和萨达尔·穆罕默德·纳伊姆签订中阿友好条约（喀布尔）,2292,1960-08-26 00:00:00,,喀布尔,2293.0
陈毅与萨达尔·穆罕默德·纳伊姆签订中阿联合公报（喀布尔）,2294,1960-08-26 00:00:00,,喀布尔,2293.0
陈毅和周恩来从中国到达缅甸（仰光）,2376,1961-01-04 00:00:00,,仰光,2296.0
陈毅和周恩来参加缅甸独立13周年庆典（仰光）,2295,1961-01-04 00:00:00,,仰光,2296.0
陈毅与周恩来出席中缅边界条约批准书互换仪式（仰光）,2377,1961-01-04 00:00:00,,仰光,2296.0
陈毅与周恩来从仰光到曼德勒（曼德勒）,2378,1961-01-07 00:00:00,,曼德勒,2379.0
陈毅与周恩来访问曼德勒（曼德勒）,2380,1961-01-07 00:00:00,,曼德勒,2379.0
陈毅与周恩来从曼德勒到蒲甘（蒲甘）,2381,1961-01-08 00:00:00,,蒲甘,2382.0
陈毅与周恩来访问蒲甘（蒲甘）,2383,1961-01-08 00:00:00,,蒲甘,2382.0
周恩来签订中缅经济技术协定和支付协定（仰光）,2384,1961-01-09 00:00:00,,仰光,2296.0
陈毅出席中缅经济技术协定和支付协定的签字仪式（仰光）,2385,1961-01-09 00:00:00,,仰光,2296.0
陈毅从仰光到雅加达（雅加达）,2386,1961-03-28 00:00:00,,雅加达,2298.0
陈毅访问印度尼西亚（雅加达）,2387,1961-03-28 00:00:00,,雅加达,2298.0
陈毅在机场发表讲话（雅加达）,2388,1961-03-28 00:00:00,,雅加达,2298.0
陈毅拜会苏加诺总统（雅加达）,2297,1961-03-29 00:00:00,,雅加达,2298.0
苏加诺授予陈毅二级共和国勋章（雅加达）,2299,1961-03-29 00:00:00,,雅加达,2298.0
陈毅将刘少奇访华邀请函递交苏加诺（雅加达）,2300,1961-03-29 00:00:00,,雅加达,2298.0
陈毅赠送苏加诺礼物（雅加达）,2301,1961-03-29 00:00:00,,雅加达,2298.0
陈毅出席第二届全国人民代表大会第三次会议（北京市）,2313,1962-03-27 00:00:00,,北京市,348.0
陈毅在第二届全国人民代表大会第三次会议闭幕会上讲话（北京市）,2314,1962-03-27 00:00:00,,北京市,348.0
陈毅签订中巴边界协定（北京市）,2302,1963-03-02 00:00:00,,北京市,348.0
陈毅从昆明到缅甸仰光（仰光）,2341,1963-12-10 00:00:00,,仰光,2296.0
陈毅从仰光到巴基斯坦卡拉奇（卡拉奇）,2342,1963-12-10 00:00:00,,卡拉奇,2306.0
陈毅从卡拉奇到内罗毕（内罗毕）,2343,1963-12-10 00:00:00,,内罗毕,2304.0
陈毅访问肯尼亚（内罗毕）,2340,1963-12-10 00:00:00,,内罗毕,2304.0
陈毅参加肯尼亚独立庆典（内罗毕）,2303,1963-12-12 00:00:00,,内罗毕,2304.0
陈毅和周恩来从苏丹的喀土穆到达埃塞俄比亚阿斯马拉（阿斯马拉）,2344,1964-01-30 00:00:00,,阿斯马拉,1532.0
陈毅和周恩来访问埃塞俄比亚阿斯马拉（阿斯马拉）,1531,1964-01-30 00:00:00,,阿斯马拉,1532.0
陈毅和周恩来从仰光到卡拉奇（卡拉奇）,2345,1964-02-18 00:00:00,,卡拉奇,2306.0
陈毅和周恩来访问巴基斯坦（卡拉奇）,2305,1964-02-18 00:00:00,,卡拉奇,2306.0
陈毅和周恩来从卡拉奇到拉瓦尔品第（拉瓦尔品第）,2389,1964-02-20 00:00:00,,拉瓦尔品第,2308.0
陈毅和周恩来访问拉瓦尔品第（拉瓦尔品第）,2390,1964-02-20 00:00:00,,拉瓦尔品第,2308.0
陈毅参加周恩来和阿尤布的会谈（拉瓦尔品第）,2391,1964-02-20 00:00:00,,拉瓦尔品第,2308.0
陈毅参加周恩来和阿尤布的会谈（拉瓦尔品第）,2391,1964-02-20 00:00:00,,拉瓦尔品第,2308.0
陈毅和周恩来从拉瓦尔品第到伊斯兰堡（伊斯兰堡）,2392,1964-02-21 00:00:00,,伊斯兰堡,2394.0
陈毅和周恩来参观伊斯兰堡（伊斯兰堡）,2393,1964-02-21 00:00:00,,伊斯兰堡,2394.0
陈毅与刘少奇从乌鲁木齐到巴基斯的坦拉瓦尔品第（拉瓦尔品第）,2346,1966-03-26 00:00:00,,拉瓦尔品第,2308.0
陈毅与刘少奇访问巴基斯坦（拉瓦尔品第）,2307,1966-03-26 00:00:00,,拉瓦尔品第,2308.0
陈毅和刘少奇与阿尤布会谈（拉瓦尔品第）,2309,1966-03-26 00:00:00,,拉瓦尔品第,2308.0
陈毅和刘少奇与阿尤布会谈（拉瓦尔品第）,2309,1966-03-26 00:00:00,,拉瓦尔品第,2308.0
陈毅陪同刘少奇夫妇从拉瓦尔品第到拉合尔（拉合尔）,2395,1966-03-28 00:00:00,,拉合尔,2398.0
陈毅陪同刘少奇夫妇从拉瓦尔品第到拉合尔（拉合尔）,2395,1966-03-28 00:00:00,,拉合尔,2398.0
陈毅和刘少奇夫妇访问拉合尔（拉合尔）,2396,1966-03-28 00:00:00,,拉合尔,2398.0
陈毅和刘少奇夫妇访问拉合尔（拉合尔）,2396,1966-03-28 00:00:00,,拉合尔,2398.0
陈毅和刘少奇夫妇从拉合尔到卡拉奇（卡拉奇）,2397,1966-03-30 00:00:00,,卡拉奇,2306.0
陈毅和刘少奇夫妇从拉合尔到卡拉奇（卡拉奇）,2397,1966-03-30 00:00:00,,卡拉奇,2306.0
叶剑英向陈毅传达毛泽东关于“二月逆流”的指示（北京市）,2310,1972-01-06 00:00:00,,北京市,348.0
陈毅逝世（北京市）,1318,1972-01-06 00:00:00,,北京市,348.0
毛泽东参加陈毅追悼会（北京市）,1318,1972-01-10 00:00:00,,北京市,348.0
毛泽东在陈毅追悼会上接见张茜（北京市）,2311,1972-01-10 00:00:00,,北京市,348.0
毛泽东评价陈毅（北京市）,2312,1972-01-10 00:00:00,,北京市,348.0
陈毅入新式学堂读初小（成都市）,2493,1910,春,成都市,339.0
陈毅考入华阳县德胜乡高等国民小学（德胜乡）,351,1913,秋,德胜乡,352.0
陈毅进入成都工业讲习所学习操作（成都市）,2494,1915,秋,成都市,339.0
陈毅考入甲种工业学校（成都市）,357,1916,秋,成都市,339.0
陈毅就读留法预备学校（成都市）,2409,1918-05-01 00:00:00,,成都市,339.0
陈毅启程赴法（沙河铺）,363,1919-06-01 00:00:00,,沙河铺,364.0
陈毅同周恩来等召开拒款大会（巴黎）,412,1921-06-30 00:00:00,,巴黎,397.0
陈毅成为勤工俭学联合委员会委员（巴黎）,420,1921-09-17 00:00:00,,巴黎,397.0
陈毅抵达黄浦江码头（上海市）,2495,1921-11-23 00:00:00,,上海市,375.0
陈毅经蔡和森介绍加入中国社会主义青年团（成都市）,450,1922,秋,成都市,339.0
陈毅进入温泉学院（即中法大学）文科班学习（北京市）,2496,1923-10-01 00:00:00,,北京市,348.0
陈毅加入中国共产党（北京市）,457,1923-11-01 00:00:00,,北京市,348.0
陈毅参加“五卅惨案”游行示威（北京市）,481,1925-06-01 00:00:00,月初,北京市,348.0
陈毅参加北京地委工作（北京市）,489,1925-10-01 00:00:00,月初,北京市,348.0
陈毅担任国民党北京特别市党部执行委员（北京市）,2497,1925-10-01 00:00:00,月初,北京市,348.0
陈毅担任国民革命运动委员会负责人（北京市）,2498,1925-10-01 00:00:00,月初,北京市,348.0
陈毅兼任北京学生总会党团书记（北京市）,2499,1925-10-01 00:00:00,月初,北京市,348.0
陈毅参加列宁逝世两周年纪念大会（北京市）,493,1926-01-21 00:00:00,,北京市,348.0
陈毅发动“反对八国通牒示威大会”（北京市）,509,1926-03-18 00:00:00,,北京市,348.0
陈毅任川军第二十八军第三师政治部秘书（合川区）,544,1926-12-15 00:00:00,,合川区,545.0
陈毅随教导团沿长江“东下讨蒋”（武汉市）,563,1927-08-02 00:00:00,,武汉市,524.0
陈毅任第二十五师第七十三团指导员（宜黄县）,566,1927-08-13 00:00:00,,宜黄县,567.0
陈毅出席湘南工农兵代表大会（永兴县）,605,1928-03-16 00:00:00,,永兴县,606.0
陈毅任湘南苏维埃政府执行委员（永兴县）,2547,1928-03-16 00:00:00,,永兴县,606.0
陈毅出席中共湘赣边界第一次代表大会（宁冈县）,620,1929-05-20 00:00:00,,宁冈县,610.0
陈毅任红四军军委书记（宁冈县）,2548,1929-05-20 00:00:00,,宁冈县,610.0
中共红四军第七次代表大会通过陈毅起草的《 红军第七次代表大会决议案》（龙岩市）,2286,1929-06-22 00:00:00,,龙岩市,731.0
陈毅起草《红军第七次代表大会决议案》（龙岩市）,1325,1929-06-22 00:00:00,,龙岩市,731.0
陈毅主持古田会议（古田县）,794,1929-12-28 00:00:00,,古田县,797.0
陈毅任中共红四军前委委员（古田县）,1046,1929-12-28 00:00:00,,古田县,797.0
陈毅任红六军政治委员兼军委书记（吉安市）,803,1930-02-01 00:00:00,,吉安市,804.0
陈毅出席南阳会议（上杭县）,820,1930-06-01 00:00:00,,上杭县,758.0
陈毅任江西省苏维埃政府委员（吉安市）,838,1930-10-07 00:00:00,,吉安市,804.0
陈毅与萧菊英结婚（泰和县）,841,1930-10-01 00:00:00,1930年10月下旬,泰和县,842.0
陈毅出席赣南会议（瑞金市）,888,1931-11-01 00:00:00,,瑞金市,692.0
陈毅出席中华苏维埃第一次全国代表大会（瑞金市）,889,1931-11-07 00:00:00, ,瑞金市,692.0
陈毅任中华苏维埃共和国临时中央政府执行委员会中央执行委员（瑞金市）,890,1931-11-07 00:00:00,,瑞金市,692.0
陈毅被授予红星奖章（瑞金市）,1823,1931-11-07 00:00:00,,瑞金市,692.0
陈毅写诗悼念萧菊英（江西省）,894,1931-11-01 00:00:00,1931-11-01 00:00:00,江西省,802.0
陈毅与赖月明结婚（宁都县）,913,1932-10-08 00:00:00,,宁都县,699.0
陈毅兼任江西军区总指挥（江西省）,897,1933-02-01 00:00:00,,江西省,802.0
陈毅出席中共江西省苏区第二次代表大会（宁都县）,1830,1933-09-27 00:00:00,,宁都县,699.0
陈毅当选中共江西省苏区第二次代表大会主席团成员、省委执行委员、省委常委（宁都县）,1831,1933-09-27 00:00:00,,宁都县,699.0
陈毅任西方军司令员兼政委（永丰县）,1840,,,永丰县,851.0
陈毅出席江西省苏维埃第二次工农兵代表大会（宁都县）,1844,1933-12-21 00:00:00,,宁都县,699.0
陈毅当选为第二届工农兵代表大会执行委员会主席团委员及江西省苏维埃执行委员（宁都县）,1845,1933-12-21 00:00:00,,宁都县,699.0
陈毅出席中华苏维埃第二次全国代表大会（瑞金市）,1846,1934-01-22 00:00:00,,瑞金市,692.0
陈毅当选中华苏维埃共和国第二届中央执行委员会委员（瑞金市）,1847,1934-01-22 00:00:00,,瑞金市,692.0
陈毅被授予红星奖章（瑞金市）,1823,1934-01-22 00:00:00,,瑞金市,692.0
陈毅被敌弹击中骨折（兴国县）,1859,1934-08-28 00:00:00,,兴国县,813.0
陈毅到农家养伤（兴国县）,1860,1934-08-29 00:00:00,,兴国县,813.0
陈毅任中华苏维埃中央政府办事处主任（瑞金市）,982,1934-10-01 00:00:00,10月上旬,瑞金市,692.0
陈毅、项英决定成立赣粤边特委（宽田乡）,1887,1934-12-01 00:00:00,12月下旬,宽田乡,934.0
陈毅与赖月明分别（黄麟乡）,1891,1934-12-01 00:00:00,年底,黄麟乡,1890.0
陈毅表示坚决拥护遵义会议精神（上坪村）,1908,1935-02-28 00:00:00,,上坪村,1907.0
项英、陈毅率部突围转移失败（上坪村）,1909,1935-03-09 00:00:00,,上坪村,1907.0
陈毅同赣粤边游击队会合（油山镇）,1012,1935-03-01 00:00:00,3月底,油山镇,1189.0
陈毅、项英发表《为日本侵占华北告群众书》（油山镇）,1920,1935,1935年秋,油山镇,1189.0
陈毅作诗《登大庾岭》（大余县）,1690,1935,1935年秋,大余县,583.0
陈毅、项英发表《为“两广事变”告群众书》（南雄市）,1928,1936-06-01 00:00:00,,南雄市,676.0
陈毅、项英等发表“八八宣言”（南雄市）,1056,1937-08-08 00:00:00,,南雄市,676.0
陈毅、项英等发表《告赣南民众书》（南雄市）,1964,1937-08-25 00:00:00,,南雄市,676.0
陈毅与鲁炯雯举行谈判（大余县）,1970,1937-09-08 00:00:00,,大余县,583.0
项英和陈毅公开发布《告南方游击队的公开信》（南昌市）,985,1937-09-29 00:00:00,,南昌市,562.0
陈毅作《闻八路军大捷》（大余县）,1983,1937-09-01 00:00:00,9月底,大余县,583.0
陈毅任新四军政治部主任（延安市）,2031,1937-11-06 00:00:00,,延安市,1119.0
陈毅任中共中央革命军事委员会新四军分会副书记（延安市）,1291,1937-12-09 00:00:00,,延安市,1119.0
陈毅任中共中央东南分局委员（延安市）,2052,1937-12-09 00:00:00,,延安市,1119.0
陈毅任新四军第一支队司令员,1291,1938-01-08 00:00:00,,,
陈毅任东南分局委员、新四军分会副书记（南昌市）,2052,1938-01-01 00:00:00,1月上中旬,南昌市,562.0
陈毅参加新四军第一次营以上干部大会（岩寺镇）,2610,1938-04-01 00:00:00,1938年4月中旬,岩寺镇,2609.0
陈毅作《新的战斗条件和新的战斗任务》的报告（土塘村）,2205,1938-05-28 00:00:00,,土塘村,2213.0
陈毅任新四军委员会委员,2209,1938-06-07 00:00:00,,,
陈毅指挥新四军击败日军对小丹阳地区的“扫荡”（江苏省）,1307,1938-08-22 00:00:00,,江苏省,1005.0
陈毅撰毕《坚持江南抗战的诸问题》,2405,1938-09-01 00:00:00,,,
陈毅签署《陆军新编第四军第一支队司令部政治部布告》,2611,1938-10-01 00:00:00,1938-10-01 00:00:00,,
陈毅作《论茅山战局》,2613,1939-01-01 00:00:00,,,
陈毅出席新四军第二次政治工作会议（泾县云岭）,2616,1939-02-07 00:00:00,,泾县云岭,1417.0
陈毅任新四军江南指挥部指挥（水西村）,2618,1939-11-07 00:00:00,,水西村,2238.0
陈毅参加中共苏皖区第一次代表大会（金坛区）,2619,1939-12-19 00:00:00,,金坛区,2614.0
陈毅作政治报告（金坛区）,3500,1939-12-19 00:00:00,,金坛区,2614.0
陈毅与叶挺等联名发表声讨汪精卫的通电,2620,1940-03-31 00:00:00,,,
陈毅任新四军苏北指挥部指挥兼政委（江苏省）,1107,1940-07-01 00:00:00,1940年7月下旬,江苏省,1005.0
陈毅和粟裕等下达《对于创建黄桥大根据地的指示》,2621,1940-08-20 00:00:00,,,
陈毅指挥新四军主动放弃黄桥（黄桥镇）,2622,1940-09-04 00:00:00,,黄桥镇,963.0
陈毅任中共苏北区委员会书记（黄桥镇）,2623,1940-09-01 00:00:00,1940年9月中旬,黄桥镇,963.0
陈毅指挥新四军主动放弃姜堰（姜堰区）,2624,1940-09-30 00:00:00,,姜堰区,1304.0
陈毅和粟裕领导新四军击退国民党韩德勤部对黄桥的首次攻击（黄桥镇）,2625,1940-10-04 00:00:00,,黄桥镇,963.0
陈毅和粟裕领导新四军击退国民党韩德勤部对黄桥的首次攻击（黄桥镇）,2625,1940-10-04 00:00:00,,黄桥镇,963.0
陈毅领导新四军向国民党韩德勤部发起猛攻（黄桥镇）,2673,1940-10-05 00:00:00,,黄桥镇,963.0
陈毅领导新四军向国民党韩德勤部发起猛攻（黄桥镇）,2673,1940-10-05 00:00:00,,黄桥镇,963.0
陈毅和粟裕领导新四军取得黄桥战役的胜利（黄桥镇）,1539,1940-10-10 00:00:00,,黄桥镇,963.0
黄桥战役,2674,,,,
陈毅向中共中央发送《关于苏北统战工作的经过与主要经验》电报,2676,1940-10-28 00:00:00,,,
陈毅出席苏北抗敌和平会议（曲塘镇）,2677,1940-10-31 00:00:00,,曲塘镇,2675.0
陈毅出席苏北临时参议会（海安市）,2678,1940-11-15 00:00:00,,海安市,943.0
华中总指挥部成立（海安市）,2719,1940-11-17 00:00:00,,海安市,943.0
陈毅参加华中总指挥部成立大会（海安市）,2775,1940-11-17 00:00:00,,海安市,943.0
陈毅任华中总指挥部副总指挥（海安市）,1111,1940-11-17 00:00:00,,海安市,943.0
陈毅作《关于当前形势及华中我军任务的报告》（海安市）,2685,1940-11-17 00:00:00,,海安市,943.0
陈毅与刘少奇率华中总指挥部前往盐城（盐城市）,2679,1940-11-23 00:00:00,,盐城市,940.0
陈毅与刘少奇下达攻击令（盐城市）,2680,1940-11-29 00:00:00,,盐城市,940.0
陈毅出席中原局机关报《江淮日报》创刊会（盐城市）,2681,1940-12-02 00:00:00,,盐城市,940.0
陈毅为中原局机关报《江淮日报》撰写发刊词（盐城市）,2682,1940-12-02 00:00:00,,盐城市,940.0
陈毅和粟裕等指挥新四军对韩德勤部发起总攻（曹甸镇）,2684,1940-12-13 00:00:00,,曹甸镇,2683.0
陈毅和粟裕等指挥新四军对韩德勤部发起总攻（曹甸镇）,2684,1940-12-13 00:00:00,,曹甸镇,2683.0
陈毅参加盐城县参议会成立大会开幕式（盐城市）,2509,1941-01-01 00:00:00,,盐城市,940.0
陈毅和刘少奇等召开新四军军分会会议（盐城市）,2510,1941-01-12 00:00:00,,盐城市,940.0
陈毅与同僚联名致电蒋介石（盐城市）,2511,1941-01-14 00:00:00,,盐城市,940.0
	中共中央军事委员会任命陈毅为新四军代理军长（盐城市）,946,1941-01-20 00:00:00,,盐城市,940.0
陈毅发表《论皖南事变及新四军的态度》一文（盐城市）,2114,1941-01-25 00:00:00,,盐城市,940.0
陈毅接见东台各界人士（东台市）,2124,1941-01-29 00:00:00,,东台市,2130.0
陈毅与赖传珠等谈南面情况（盐城市）,2512,1941-02-08 00:00:00,,盐城市,940.0
陈毅赴粟裕处（东台市）,2513,1941-02-12 00:00:00,,东台市,2130.0
陈毅参加苏北文化工作者协会代表大会（盐城市）,2514,1941-04-16 00:00:00,,盐城市,940.0
陈毅接见新安旅行团成员（盐城市）,2515,1941-05-01 00:00:00,,盐城市,940.0
陈毅出席国际护士节纪念大会（盐城市）,2516,1941-05-12 00:00:00,,盐城市,940.0
陈毅和刘少奇等召开华中局高级干部会议（盐城市）,2517,1941-05-16 00:00:00,,盐城市,940.0
陈毅出席新四军军分会扩大会议（盐城市）,2518,1941-05-20 00:00:00,,盐城市,940.0
陈毅出席盐城各界4000多人集会（盐城市）,2519,1941-05-30 00:00:00,,盐城市,940.0
陈毅出席华中局和军部举行的中共成立20周年纪念大会（盐城市）,2520,1941-07-01 00:00:00,,盐城市,940.0
陈毅发表《论建军工作》（盐城市）,2521,1941-07-10 00:00:00,,盐城市,940.0
陈毅致电毛泽东（盐城市）,2522,1941-07-12 00:00:00,,盐城市,940.0
陈毅发表《四年抗战与新四军现状》（盐城市）,2523,1941-08-25 00:00:00,,盐城市,940.0
陈毅抵达淮海区（宿迁市）,2524,1941-09-30 00:00:00,,宿迁市,940.0
陈毅作《目前形势和今后工作方针》的报告（半城镇）,2525,1942-01-01 00:00:00,,半城镇,1015.0
陈毅召开华中局会议（盐城市）,2526,1942-01-29 00:00:00,,盐城市,940.0
陈毅出席华中抗大第五分校毕业典礼大会（盐城市）,2527,1942-02-07 00:00:00,,盐城市,940.0
陈毅召开新四军军分会会议（盐城市）,2528,1942-03-25 00:00:00,,盐城市,940.0
陈毅在盐阜区各界人士座谈会上发表演说（盐城市）,2529,1942-05-07 00:00:00,,盐城市,940.0
陈毅参加阜宁县第二届农救会代表大会（盐城市）,2530,1942-05-16 00:00:00,,盐城市,940.0
陈毅长子昊苏出生（盐城市）,2531,1942-05-25 00:00:00,,盐城市,940.0
陈毅召开整顿“三风”会议（盐城市）,2532,1942-06-18 00:00:00,,盐城市,940.0
陈毅出席新四军军部在阜宁县驻地召开的1000人大会（盐城市）,2533,1942-07-01 00:00:00,,盐城市,940.0
陈毅欢迎上海文化人士阿英（盐城市）,2534,1942-07-14 00:00:00,,盐城市,940.0
陈毅作整风总结报告（盐城市）,2535,1942-08-07 00:00:00,,盐城市,940.0
陈毅向中共中央和毛泽东报告对于统一华中领导的意见（盐城市）,2536,1942-11-19 00:00:00,,盐城市,940.0
陈毅参加华中抗大总分校研究班开学典礼（盐城市）,2537,1942-12-17 00:00:00,,盐城市,940.0
陈毅到达淮南永丰附近（戴楼镇）,2538,1943-01-01 00:00:00,,戴楼镇,3401.0
陈毅指示第三、第四、第一师进行反“扫荡”作战（黄花塘镇）,2539,1943-02-16 00:00:00,,盐城市,940.0
陈毅前往四师所在地半城（半城镇）,2540,1943-03-23 00:00:00,,半城镇,1015.0
陈毅参加中国共产党成立22周年纪念大会（黄花塘镇）,2541,1943-07-01 00:00:00,,黄花塘镇,1115.0
陈毅作报告（黄花塘镇）,3501,1943-07-01 00:00:00,,黄花塘镇,1115.0
陈毅次子丹淮出生（黄花塘镇）,2542,1943-09-28 00:00:00,,黄花塘镇,1115.0
陈毅抵达延安（延安市）,2543,1944-03-07 00:00:00,,延安市,1119.0
陈毅提交《1938年至1943年的华中工作总结报告》（延安市）,2544,1944-04-01 00:00:00,,延安市,1119.0
陈毅起草《关于开展苏浙皖地区工作给华中局的指示》（延安市）,2545,1944-09-27 00:00:00,,延安市,1119.0
福尔曼采访陈毅（延安市）,2546,1944-10-01 00:00:00,,延安市,1119.0
陈毅参加中共六届七中全会全体会议（延安市）,2549,1945-02-18 00:00:00,,延安市,1119.0
陈毅出席中共七大（延安市）,2550,1945-06-10 00:00:00,,延安市,1119.0
陈毅出席中共七届一中全会第二次会议（延安市）,2551,1945-08-09 00:00:00,,延安市,1119.0
陈毅出席中共中央政治局扩大会议（延安市）,2552,1945-08-23 00:00:00,,延安市,1119.0
陈毅被选为中共中央革命军事委员会委员（延安市）,1934,1945-08-23 00:00:00,,延安市,1119.0
陈毅、饶漱石被派到山东工作（延安市）,2553,1945-09-19 00:00:00,,延安市,1119.0
陈毅和黎玉负责津浦前线指挥部（邹城市）,2556,1945-10-15 00:00:00,,邹城市,2555.0
中共中央、中央军委决定陈毅兼山东军区司令员（延安市）,1019,1945-10-20 00:00:00,,延安市,1119.0
中国共产党华东中央局成立（临沂市）,2557,1945-10-25 00:00:00,,临沂市,1551.0
陈毅任中共华东局常委（临沂市）,2558,1945-12-18 00:00:00,,临沂市,1551.0
陈毅任新四军军长（临沂市）,2559,1946-01-07 00:00:00,,临沂市,1551.0
陈毅参加华东局和山东军区干部会议（临沂市）,2560,1946-02-11 00:00:00,,临沂市,1551.0
陈毅传达中共中央《关于目前形势和任务的指示》（临沂市）,2716,1946-02-11 00:00:00,,临沂市,1551.0
陈毅等进行讨逆战役,2562,1946-06-07 00:00:00,,,
陈毅参加山野前方指挥部干部会议（临沂市）,2563,1946-07-14 00:00:00,,临沂市,1551.0
陈毅作《如何取得战争的胜利》的报告（临沂市）,2717,1946-07-14 00:00:00,,临沂市,1551.0
宿北战役,2576,1946-12-13 00:00:00,,"
",
陈毅作《宿北大捷》（宿迁市）,2578,1946-12-15 00:00:00,,宿迁市,2577.0
鲁南战役,2575,1947-01-02 00:00:00,,,
陈毅参加华野前委扩大会议（淄川区）,2564,1947-03-08 00:00:00,,淄川区,1553.0
孟良崮战役,2573,1947-05-13 00:00:00,,孟良崮,1090.0
陈毅、粟裕指挥华东野战军作战（孟良崮）,1349,1947-05-13 00:00:00,,孟良崮,1090.0
陈毅和粟裕率部取得孟良崮战役胜利（孟良崮）,2565,1947-05-13 00:00:00,,孟良崮,1090.0
陈毅作《关于目前形势与任务问题》的报告（沂水县）,2566,1947-05-25 00:00:00,,沂水县,2561.0
陈毅向中共中央报到（杨家沟）,2069,1948-01-07 00:00:00,,杨家沟,2074.0
陈毅参加毛泽东召开的会议（杨家沟）,2087,1948-01-18 00:00:00,,杨家沟,2074.0
陈毅参加中共中央负责人会议（杨家沟）,2088,1948-01-19 00:00:00,,杨家沟,2074.0
陈毅汇报华东野战军情况（杨家沟）,2718,1948-01-19 00:00:00,,杨家沟,2074.0
毛泽东任命陈毅为东南野战军司令员兼政治委员（杨家沟）,2095,1948-02-02 00:00:00,,杨家沟,2074.0
陈毅参加中共中央书记处会议（城南庄镇）,2445,1948-04-30 00:00:00,,城南庄镇,2215.0
陈毅召开中原局会议,2567,1948-09-04 00:00:00,,,
郑州战役,2574,1948-10-21 00:00:00,,,
淮海战役,2569,1948-11-11 00:00:00,,,
陈毅与刘伯承、邓小平率部歼灭黄维兵团（徐州市）,2571,1948-12-13 00:00:00,,徐州市,1017.0
陈毅与刘伯承、邓小平率部歼灭黄维兵团（徐州市）,2571,1948-12-13 00:00:00,,徐州市,1017.0
陈毅与刘伯承等人召开总前委会议（萧县）,2572,1948-12-18 00:00:00,,萧县,2570.0
刘伯承、陈毅赴中央研究渡江作战问题（西柏坡）,1564,1948-12-28 00:00:00,,西柏坡,1001.0
新华社发表毛泽东《将革命进行到底》的新年献词（西柏坡）,2626,1949-01-01 00:00:00,,西柏坡,1001.0
陈毅参加中央财经座谈会（西柏坡）,2627,1949-01-01 00:00:00,,西柏坡,1001.0
陈毅参加中共中央在西柏坡举行的政治局会议（西柏坡）,1022,1949-01-06 00:00:00,,西柏坡,1001.0
中共中央政治局会议讨论并通过了《目前形势和党在一九四九年的任务》的决议（西柏坡）,2628,1949-01-06 00:00:00,,西柏坡,1001.0
毛泽东等中央领导人和陈毅讨论渡江作战诸问题（西柏坡）,1564,1949-01-07 00:00:00,,西柏坡,1001.0
淮海战役胜利（永城市）,2629,1949-01-10 00:00:00,,永城市,2630.0
中央军委作出统一全军组织编制、番号的决定（西柏坡）,3502,1949-01-15 00:00:00,,西柏坡,1001.0
中央军委将西北野战军改为第一野战军（西柏坡）,2631,1949-01-15 00:00:00,,西柏坡,1001.0
中央军委将中原野战军改为第二野战军（西柏坡）,2755,1949-01-15 00:00:00,,西柏坡,1001.0
中央军委将华东野战军改为第三野战军（西柏坡）,2756,1949-01-15 00:00:00,,西柏坡,1001.0
中央军委将东北野战军改为第四野战军（西柏坡）,2757,1949-01-15 00:00:00,,西柏坡,1001.0
陈毅从西柏坡到徐州（徐州市）,2632,1949-01-22 00:00:00,,徐州市,1017.0
陈毅与粟裕会面（徐州市）,2754,1949-01-22 00:00:00,,徐州市,1017.0
陈毅和粟裕参加华东野战军前委扩大会议（贾汪区）,2633,1949-01-22 00:00:00,,贾汪区,2634.0
陈毅在华东野战军前委扩大会议上传达政治局会议决议和毛泽东指示（贾汪区）,2635,1949-01-22 00:00:00,,贾汪区,2634.0
陈毅为华东野战军前委扩大会议作总结（贾汪区）,2636,1949-01-25 00:00:00,,贾汪区,2634.0
华东野战军改称第三野战军,2637,1949-01-01 00:00:00,1949/1/25前,,
陈毅任第三野战军司令员兼政委（徐州市）,1087,1949-01-01 00:00:00,1949/1/25前,徐州市,1017.0
陈毅从徐州到商丘（商丘市）,2638,1949-01-26 00:00:00,,商丘市,1626.0
陈毅与邓小平会合（商丘市）,2639,1949-01-26 00:00:00,,商丘市,1626.0
陈毅和邓小平召开中原野战军高干会议（商丘市）,2640,1949-01-29 00:00:00,,商丘市,1626.0
北平和平解放（北京市）,2641,1949-01-31 00:00:00,,北京市,348.0
陈毅与邓小平等人召开总前委会议研究渡江作战问题（商丘市）,2642,1949-02-09 00:00:00,,商丘市,1626.0
陈毅参加扩大后的中共华东局会议（徐州市）,2643,1949-02-15 00:00:00,,徐州市,1017.0
陈毅讨论贯彻中央军委《把军队变为工作队》的指示（徐州市）,2644,1949-02-15 00:00:00,,徐州市,1017.0
陈毅在中共华东局扩大会议上布置渡江前的工作（徐州市）,2645,1949-02-15 00:00:00,,徐州市,1017.0
陈毅和粟裕等下达第三野战军《京沪杭战役预备命令》（徐州市）,2646,1949-02-20 00:00:00,,徐州市,1017.0
陈毅从徐州到西柏坡（西柏坡）,2647,1949-02-25 00:00:00,,西柏坡,1001.0
陈毅参加中共七届二中全会（西柏坡）,1567,1949-02-25 00:00:00,,西柏坡,1001.0
毛泽东等与陈毅等人研究渡江作战问题（西柏坡）,1564,1949-03-01 00:00:00,1949/3/16前,西柏坡,1001.0
中共中央迁移北平（北京市）,2648,1949-03-25 00:00:00,,北京市,348.0
中央军委迁移北平（北京市）,2649,1949-03-25 00:00:00,,北京市,348.0
中国人民解放军总部迁移北平（北京市）,2650,1949-03-25 00:00:00,,北京市,348.0
陈毅和粟裕等联名下达《京沪杭战役作战命令》（孙家圩）,2651,1949-03-30 00:00:00,,孙家圩,2653.0
陈毅和邓小平等人制定《京沪杭战役实施纲要》（孙家圩）,2652,1949-03-31 00:00:00,,孙家圩,2653.0
国共两党进行和平谈判（北京市）,2654,1949-04-01 00:00:00,,北京市,348.0
陈毅和粟裕等联名颁发第三野战军《入城三大公约、十项守则》的命令（孙家圩）,2655,1949-04-01 00:00:00,,孙家圩,2653.0
陈毅和邓小平率华东机关移动（瑶岗村）,1682,1949-04-01 00:00:00,1949/4/3后,瑶岗村,2657.0
国共和平谈判破裂（北京市）,2658,1949-04-20 00:00:00,,北京市,348.0
英国“紫石英”号妨碍解放军渡江（镇江市）,2659,1949-04-20 00:00:00,,镇江市,1615.0
毛泽东与朱德联名发布《向全国进军的命令》（北京市）,2660,1949-04-21 00:00:00,,北京市,348.0
渡江战役,2713,1949-04-23 00:00:00,,南京市,344.0
八兵团一部进占南京（南京市）,2661,1949-04-23 00:00:00,,南京市,344.0
陈毅和邓小平率总前委机关从瑶岗到南京（南京市）,2662,1949-04-27 00:00:00,,南京市,344.0
陈毅与刘伯承、邓小平等出席解放区与地下党干部会师大会（南京市）,2664,1949-05-01 01:00:00,,南京市,344.0
陈毅与刘伯承、邓小平等出席解放区与地下党干部会师大会（南京市）,2664,1949-05-01 01:00:00,,南京市,344.0
陈毅从南京到丹阳（丹阳市）,2667,1949-05-03 00:00:00,,丹阳市,1029.0
陈毅和饶漱石等到丹阳部署接收上海的工作（丹阳市）,2663,1949-05-03 00:00:00,,丹阳市,1029.0
陈毅与粟裕等联名发布《第三野战军淞沪战役作战命令》（丹阳市）,2665,1949-05-10 00:00:00,,丹阳市,1029.0
陈毅任上海市军管会主任（上海市）,1753,1949-05-20 00:00:00,,丹阳市,1029.0
陈毅与粟裕等联名发布《第三野战军淞沪战役攻击命令》（丹阳市）,2668,1949-05-21 00:00:00,,丹阳市,1029.0
第三野战军对上海发起总攻（上海市）,2669,1949-05-23 00:00:00,,上海市,375.0
上海全市解放（上海市）,2670,1949-05-27 00:00:00,,上海市,375.0
上海市军管会成立（上海市）,1753,1949-05-27 00:00:00,,上海市,375.0
陈毅任上海市军管会主任（上海市）,1753,1949-05-27 00:00:00,,上海市,375.0
陈毅与潘汉年拜会宋庆龄（上海市）,2671,1949-05-27 00:00:00,,上海市,375.0
陈毅与潘汉年拜会宋庆龄（上海市）,2671,1949-05-27 00:00:00,,上海市,375.0
上海市人民政府成立（上海市）,2672,1949-05-28 00:00:00,,上海市,375.0
陈毅任上海市市长（上海市）,1314,1949-05-28 00:00:00,,上海市,375.0
上海工人协会、职工协会在大光明电影院举行“五卅”纪念大会（上海市）,2686,1949-05-31 00:00:00,,上海市,375.0
上海工人协会、职工协会在大光明电影院举行“五卅”纪念大会（上海市）,2686,1949-05-31 00:00:00,,上海市,375.0
上海总工会筹备委员会成立（上海市）,2687,1949-05-31 00:00:00,,上海市,375.0
第二十五军解放崇明岛（崇明岛）,2688,1949-06-02 00:00:00,,崇明岛,433.0
渡江战役结束,3503,1949-06-02 00:00:00,,,
陈毅和粟裕签发《上海市军管会关于将国民党政府国营事业官僚资本、战争罪犯财产收归国有的布告》（上海市）,2689,1949-06-04 00:00:00,,上海市,375.0
陈毅和粟裕签发解散中国国民党等非法反动组织的布告（上海市）,2690,1949-06-06 00:00:00,,上海市,375.0
陈毅主持召开淞沪警备部队等单位参加的联席会议（上海市）,2691,1949-06-11 00:00:00,,上海市,375.0
陈毅出席市政府第一次政务会议（上海市）,2692,1949-06-17 00:00:00,,上海市,375.0
中共中央华东局暨上海市委举行“七一”纪念晚会（上海市）,2693,1949-06-30 00:00:00,,上海市,375.0
陈毅在纪念“七七”抗日12周年和庆祝上海解放大会上讲话（上海市）,2694,1949-07-07 00:00:00,,上海市,375.0
陈毅参加上海总工会首期职工干部学习班（上海市）,3504,1949-08-01 00:00:00,,上海市,375.0
陈毅作《目前形势与当前在上海的政治任务》演讲（上海市）,2695,1949-08-01 00:00:00,,上海市,375.0
陈毅和饶漱石主持上海各界代表第一次会议（上海市）,1766,1949-08-03 00:00:00,,上海市,375.0
陈毅从上海到北京（北京市）,2696,1949-09-01 00:00:00,1949/9/7后,北京市,348.0
陈毅出席中国人民政治协商会议第一届全体会议（北京市）,2438,1949-09-21 00:00:00,,北京市,348.0
陈毅参加人民英雄纪念碑奠基仪式（北京市）,2697,1949-09-30 00:00:00,,北京市,348.0
陈毅出席中央人民政府第一次会议（北京市）,2444,1949-10-01 00:00:00,,北京市,348.0
陈毅参加开国大典（北京市）,2283,1949-10-01 00:00:00,,北京市,348.0
陈毅作为主席团成员参加中国保卫世界和平大会成立大会（北京市）,2698,1949-10-02 00:00:00,,北京市,348.0
陈毅出席中央人民政府第二次会议（北京市）,2699,1949-10-03 00:00:00,,北京市,348.0
陈毅参加中苏友好协会成立大会（北京市）,2700,1949-10-05 00:00:00,,北京市,348.0
陈毅当选为中苏友好协会理事（北京市）,2701,1949-10-05 00:00:00,,北京市,348.0
陈毅参加中央人民政府委员会第三次会议（北京市）,2702,1949-10-19 00:00:00,,北京市,348.0
陈毅被任命为人民革命军委员会委员（北京市）,2703,1949-10-19 00:00:00,,北京市,348.0
陈毅出席中国人民革命军事委员会第一次会议（北京市）,2704,1949-10-20 00:00:00,,北京市,348.0
陈毅任华东军政委员会委员（上海市）,2330,1949-12-02 00:00:00,,上海市,375.0
陈毅任上海市市长（上海市）,1314,1949-12-02 00:00:00,,上海市,375.0
陈毅参加上海市第二届各界人民代表会议（上海市）,2705,1949-12-05 00:00:00,,上海市,375.0
陈毅致开幕词（上海市）,2706,1949-12-05 00:00:00,,上海市,375.0
陈毅出席华东首届工业会议（上海市）,2707,1949-12-09 00:00:00,,上海市,375.0
陈毅参加华东军政委员会第一次会议（上海市）,3505,1950-01-29 00:00:00,,上海市,375.0
陈毅作《解释共同纲领的几个特点》报告（上海市）,2708,1950-01-29 00:00:00,,上海市,375.0
中共中央决定华东局与上海市委领导机构分开,2709,1950-01-01 00:00:00,1950-01-01 00:00:00,上海市,375.0
陈毅任中共上海市委委员（上海市）,2795,1950-01-01 00:00:00,1950-01-01 00:00:00,上海市,375.0
陈毅任中共上海市委常委（上海市）,2710,1950-01-01 00:00:00,1950-01-01 00:00:00,上海市,375.0
陈毅任中共上海市委第一书记（上海市）,2760,1950-01-01 00:00:00,1950-01-01 00:00:00,上海市,375.0
陈毅任第三野战军兼华东军区司令员（上海市）,2711,1950-01-01 00:00:00,1950-01-01 00:00:00,上海市,375.0
陈毅参加上海市工人代表大会（上海市）,2712,1950-02-04 00:00:00,,上海市,375.0
陈毅作《为打破敌人封锁困难争取经济好转和恢复而奋斗——向上海市工人代表大会献词》报告（上海市）,3506,1950-02-04 00:00:00,,上海市,375.0
毛泽东致电陈毅赴京（上海市）,2761,1950-05-14 00:00:00,,北京市,348.0
陈毅从上海到北京（北京市）,2696,1950-05-14 00:00:00,,北京市,348.0
第三野战军解放舟山群岛（舟山市）,2762,1950-05-19 00:00:00,,舟山市,2763.0
陈毅出席中共七届三中全会（北京市）,2764,1950-06-06 00:00:00,,北京市,348.0
朝鲜内战爆发（朝鲜）,2766,1950-06-25 00:00:00,,朝鲜,2720.0
美国武装干涉朝鲜内战（朝鲜）,2767,1950-06-25 00:00:00,,朝鲜,2720.0
杜鲁门派海军第七舰队入侵台湾沿海（台湾）,2768,1950-06-25 00:00:00,,台湾,2769.0
陈毅参加华东军政委员会第二次全体委员会议（上海市）,2779,1950-07-15 00:00:00,,上海市,375.0
陈毅作政治军事报告（上海市）,3507,1950-07-15 00:00:00,,上海市,375.0
中共中央批准撤销中共第三野战军前委（北京市）,2771,1950-08-11 00:00:00,,北京市,348.0
中共中央批准组成新的中共华东军区党委（北京市）,2772,1950-08-11 00:00:00,,北京市,348.0
陈毅任华东军区党委第一书记（上海市）,2773,1950-08-11 00:00:00,,上海市,375.0
陈毅参加上海市委扩大会议（上海市）,2774,1950-09-25 00:00:00,,上海市,375.0
陈毅作《中共上海市委整风报告》（上海市）,3508,1950-09-25 00:00:00,,上海市,375.0
陈毅参加上海市第二届各界人民代表会议第一次会议（上海市）,2776,1950-10-16 00:00:00,,上海市,375.0
陈毅致开幕词（上海市）,2706,1950-10-16 00:00:00,,上海市,375.0
陈毅全票当选为上海市长（上海市）,2778,1950-10-24 00:00:00,,上海市,375.0
抗美援朝战争,2779,1950-10-25 00:00:00,,朝鲜,2720.0
彭德怀带领中国人民志愿军参加抗美援朝战争（朝鲜）,2780,1950-10-25 00:00:00,,朝鲜,2720.0
陈毅参加上海市人民政府委员会首次会议（上海市）,2781,1951-01-09 00:00:00,,上海市,375.0
陈毅报告1951年上海市工作任务（上海市）,3485,1951-01-09 00:00:00,,上海市,375.0
陈毅从上海到北京（北京市）,2696,1951-02-20 00:00:00,,北京市,348.0
陈毅参加中央人民政府委员会第十一次会议（北京市）,2782,1951-02-20 00:00:00,,北京市,348.0
陈毅从北京到福建（福建省）,2784,1951-03-06 00:00:00,,福建省,1007.0
陈毅到福建前线视察防务（福建省）,2783,1951-03-06 00:00:00,,福建省,1007.0
陈毅向毛泽东作《关于巡视福建工作的报告》（上海市）,2785,1951-04-12 00:00:00,,上海市,375.0
陈毅从上海到临淮关（临淮关镇）,2786,1951-06-18 00:00:00,,临淮关镇,2787.0
陈毅和刘伯承组织步兵师江河进攻战斗实战演习（临淮关镇）,2788,1951-06-18 00:00:00,,临淮关镇,2787.0
陈毅在《解放日报》发表《加强党与非党的合作——为纪念党的三十周年而作》（上海市）,2789,1951-06-30 00:00:00,,上海市,375.0
陈毅在《解放日报》上发表《学习毛主席的马克思列宁主义的创造作风》（上海市）,2790,1951-08-01 00:00:00,,上海市,375.0
陈毅出席华东军区和第三野战军的阅兵典礼（南京市）,2791,1951-10-01 00:00:00,,南京市,344.0
陈毅出席人民政协全国委员会第三次会议（北京市）,2792,1951-10-23 00:00:00,,北京市,348.0
陈毅作《掌握思想领导运用自我批评武器做好工作》的专题发言（北京市）,2793,1951-10-29 00:00:00,,北京市,348.0
陈毅和华东军区负责首长召开驻南京部队干部大会（南京市）,2794,1952-01-10 00:00:00,,南京市,344.0
中共华东军区党委颁发“打老虎、肃清贪污”的命令（上海市）,2795,1952-01-25 00:00:00,,上海市,375.0
陈毅参加华东军区驻南京部队活动分子会议（南京市）,2796,1952-01-26 00:00:00,,南京市,344.0
陈毅作《打虎、肃清贪污》的动员报告（南京市）,3486,1952-01-26 00:00:00,,南京市,344.0
陈毅参加上海工人“五反”运动代表会议（上海市）,2797,1952-02-20 00:00:00,,上海市,375.0
陈毅号召上海工人参加“三反”、“五反”斗争（上海市）,3487,1952-02-20 00:00:00,,上海市,375.0
陈毅参加中共上海市委员会党员干部大会（上海市）,2798,1952-02-20 00:00:00,,上海市,375.0
陈毅与谭震林对上海“三反”运动作指示（上海市）,3488,1952-02-20 00:00:00,,上海市,375.0
陈毅召开中共上海市委会议讨论如何开展“五反”运动（上海市）,2799,1952-03-06 00:00:00,,上海市,375.0
陈毅在华东直属机关党员干部大会上对7名干部作出处分（上海市）,2800,1952-03-10 00:00:00,,上海市,375.0
陈毅出席中央人民政府委员会第十六次会议（北京市）,2801,1952-08-06 00:00:00,,北京市,348.0
陈毅出席中央人民政府委员会第十七次会议（北京市）,2802,1952-08-07 00:00:00,,北京市,348.0
陈毅出席中央人民政府委员会第十八次会议（北京市）,2803,1952-08-08 00:00:00,,北京市,348.0
陈毅被任命为华东行政委员会委员（北京市）,2579,1953-01-14 00:00:00,,北京市,348.0
陈毅在中共上海市第一次代表大会上作政治报告（上海市）,2580,1953-01-28 00:00:00,,上海市,375.0
陈毅参加政协第一届全国委员会常务委员会举行的第四十九次会议(扩大)（北京市）,2582,1953-09-08 00:00:00,,北京市,348.0
陈毅出席中央人民政府委员会第二十四次会议(扩大)（北京市）,2583,1953-09-12 00:00:00,,北京市,348.0
陈毅在上海市干部大会上作报告（上海市）,2584,1953-10-10 00:00:00,,上海市,375.0
陈毅向毛泽东汇报华东执行总路线情况（北京市）,2585,1953-12-07 00:00:00,,北京市,348.0
陈毅出席中央人民政府委员会第二十九次会议（北京市）,1586,1953-12-09 00:00:00,,北京市,348.0
陈毅出席中央政治局会议（北京市）,2587,1954-01-12 00:00:00,,北京市,348.0
陈毅出席中共七届四中全会（北京市）,2588,1954-02-06 00:00:00,,北京市,348.0
陈毅出席中央人民政府委员会第三十次会议（北京市）,2589,1954-06-14 00:00:00,,北京市,348.0
陈毅赴青岛海防视察边防（青岛市）,2590,1954-07-22 00:00:00,,青岛市,2615.0
陈毅出席中华人民共和国第一届全国人民代表大会第一次会议（北京市）,2591,1954-09-15 00:00:00,,北京市,348.0
陈毅被任命为中共中央军事委员会委员（北京市）,2592,1954-09-28 00:00:00,,北京市,348.0
陈毅被任命为国务院常务副总理（北京市）,2593,1954-09-29 00:00:00,,北京市,348.0
陈毅出席政协第二届全国委员会常务委员会第一次会议（北京市）,2594,1954-12-27 00:00:00,,北京市,348.0
陈毅到毛泽东主席处开会（北京市）,2595,1955-01-20 00:00:00,,北京市,348.0
陈毅被授衔、授勋（北京市）,2597,1955-09-27 00:00:00,,北京市,348.0
陈毅出席中共七届六中全会(扩大)（北京市）,2598,1955-10-04 00:00:00,,北京市,348.0
陈毅出席毛泽东召集的最高国务会议（北京市）,2599,1956-01-25 00:00:00,,北京市,348.0
陈毅在中央机关干部大会上作报告（北京市）,2600,1956-01-26 00:00:00,,北京市,348.0
陈毅出席中国人民政治协商会议第二届全国委员会第二次全体会议（北京市）,2601,1956-01-30 00:00:00,,北京市,348.0
陈毅检阅中国人民解放军西藏军区部队和西藏地方部队（拉萨市）,2602,1956-05-01 00:00:00,,拉萨市,1320.0
陈毅出席中华人民共和国第一届全国人民代表大会第三次会议（北京市）,2603,1956-06-15 00:00:00,,北京市,348.0
陈毅参加全国人大常务委员会第四十五次会议（北京市）,2604,1956-09-14 00:00:00,,北京市,348.0
陈毅作《中央代表团访问西藏的总结报告》（北京市）,3509,1956-09-14 00:00:00,,北京市,348.0
陈毅与罗荣桓、邓子恢联名向中央提出《关于开发海南岛的意见》（北京市）,2605,1957-01-04 00:00:00,,北京市,348.0
陈毅与罗荣桓、邓子恢联名向中央提出《关于开发海南岛的意见》（北京市）,2605,1957-01-04 00:00:00,,北京市,348.0
陈毅连任上海市市长（上海市）,2606,1957-01-09 00:00:00,,上海市,375.0
中共中央委员会发布关于整风运动的指示（北京市）,2607,1957-04-27 00:00:00,,北京市,348.0
陈毅出席中共八届三中全会(扩大)（北京市）,2608,1957-09-20 00:00:00,,北京市,348.0
陈毅出席第一届全国人民代表大会第五次会议（北京市）,2722,1958-02-02 00:00:00,,北京市,348.0
陈毅兼任外交部部长（北京市）,1316,1958-02-11 00:00:00,,北京市,348.0
陈毅出席外交部党组扩大会议（北京市）,2725,1958-02-24 00:00:00,,北京市,348.0
陈毅辞去上海市市长职务（上海市）,2726,1958-03-04 00:00:00,,上海市,375.0
陈毅被任命为国务院外事办公室主任（北京市）,2727,1958-03-07 00:00:00,,北京市,348.0
陈毅作关于各民主党派人士自我改造问题的报告（北京市）,2728,1958-03-28 00:00:00,,北京市,348.0
陈毅欢迎罗马尼亚人民共和国政府代表团（北京市）,2729,1958-04-03 00:00:00,,北京市,348.0
陈毅出席中国共产党第八次全国代表大会第二次会议（北京市）,2730,1958-05-05 00:00:00,,北京市,348.0
陈毅作《坚决贯彻党的外交路线》发言（北京市）,3510,1958-05-05 00:00:00,,北京市,348.0
陈毅欢迎赫鲁晓夫来中国访问（北京市）,2731,1958-07-31 00:00:00,,北京市,348.0
陈毅欢迎西哈努克亲王来中国访问（北京市）,2732,1958-08-15 00:00:00,,北京市,348.0
陈毅出席中国共产党第八届中央委员会第六次全体会议（武汉市）,2733,1958-11-28 00:00:00,,武汉市,524.0
陈毅机场欢迎阿尔及利亚共和国临时政府代表团（武汉市）,2734,1958-12-11 00:00:00,,武汉市,524.0
陈毅参加全军后勤工作会议（北京市）,2735,1959-01-20 00:00:00,,北京市,348.0
陈毅作报告（北京市）,3511,1959-01-20 00:00:00,,北京市,348.0
陈毅欢迎德意志民主共和国政府代表团来我国访问（北京市）,2736,1959-01-22 00:00:00,,北京市,348.0
陈毅被选举为国务院副总理兼外交部部长、国防委员会副主席（北京市）,2737,1959-04-18 00:00:00,,北京市,348.0
陈毅接见中国驻外武官（北京市）,2738,1959-07-18 00:00:00,,北京市,348.0
陈毅出席中共中央军委扩大会议（北京市）,2739,1959-08-18 00:00:00,,北京市,348.0
陈毅出席全国人民代表大会常务委员会举行扩大的第六次会议（北京市）,2740,1959-09-11 00:00:00,,北京市,348.0
陈毅作中印边界问题的重要发言（北京市）,2741,1959-09-13 00:00:00,,北京市,348.0
陈毅到机场欢迎伊拉克、民主德国、越南、朝鲜代表团（北京市）,2742,1959-09-26 00:00:00,,北京市,348.0
陈毅被任命为中央军委副主席、常委（北京市）,2743,1959-09-26 00:00:00,,北京市,348.0
陈毅欢迎保加利亚、匈牙利、阿尔巴尼亚等国代表团（北京市）,2745,1959-09-27 00:00:00,,北京市,348.0
陈毅欢迎苏联共产党中央委员会第一书记赫鲁晓夫（北京市）,2746,1959-09-30 00:00:00,,北京市,348.0
陈毅作《十年大庆》诗二首（北京市）,2747,1959-10-01 00:00:00,,北京市,348.0
陈毅到毛泽东处集会谈国内外形势（北京市）,2748,1959-10-23 00:00:00,,北京市,348.0
陈毅回到故乡（正沟湾村）,2749,1959-11-02 00:00:00,,正沟湾村,247.0
陈毅重游杜甫草堂（成都市）,2750,1959-11-08 00:00:00,,成都市,339.0
陈毅到贵州视察（贵阳市）,2751,1959-11-01 00:00:00,11月中下旬,贵阳市,2721.0
陈毅抵达重庆（重庆市）,2752,1959-11-25 00:00:00,,重庆市,368.0
陈毅申请加入中国作家协会（北京市）,2753,1959-12-01 00:00:00,,北京市,348.0
陈毅在《中国和印尼关于双重国籍问题的条约》批准书上签字（北京市）,2808,1960-01-20 00:00:00,,北京市,348.0
陈毅参加全国人大常委会第十二次会议扩大会议（北京市）,2809,1960-01-21 00:00:00,,北京市,348.0
陈毅发言（北京市）,3512,1960-01-21 00:00:00,,北京市,348.0
陈毅欢迎缅甸代表团访华（北京市）,2810,1960-01-24 00:00:00,,北京市,348.0
陈毅参加《中缅友好和互不侵犯条约》签字仪式（北京市）,2811,1960-01-28 00:00:00,,北京市,348.0
陈毅在《红旗》杂志发表《中苏同盟是世界和平的强大堡垒》（北京市）,2812,1960-02-01 00:00:00,,北京市,348.0
陈毅出席苏联驻中国大使契尔沃年科举行举行的宴会（北京市）,2813,1960-02-14 00:00:00,,北京市,348.0
陈毅欢迎尼泊尔代表团访华（北京市）,2814,1960-03-11 00:00:00,,北京市,348.0
陈毅出席政协全国委员会三届二次会议（北京市）,2815,1960-03-29 00:00:00,,北京市,348.0
陈毅出席全国人大二届二次会议（北京市）,2816,1960-03-30 00:00:00,,北京市,348.0
陈毅随周恩来访问印度（德里市）,2817,1960-04-19 00:00:00,,德里市,2818.0
陈毅随周恩来拜会印度总统拉金德拉·普拉沙德（德里市）,2819,1960-04-20 00:00:00,,德里市,2818.0
陈毅随周恩来拜会印度总统拉金德拉·普拉沙德（德里市）,2819,1960-04-20 00:00:00,,德里市,2818.0
陈毅随周恩来拜会印度总理尼赫鲁（德里市）,2820,1960-04-20 00:00:00,,德里市,2818.0
陈毅随周恩来拜会印度总理尼赫鲁（德里市）,2820,1960-04-20 00:00:00,,德里市,2818.0
陈毅参观泰姬陵（亚格拉）,2821,1960-04-23 00:00:00,,亚格拉,2822.0
陈毅随周恩来访问尼泊尔（加德满都市）,2823,1960-04-26 00:00:00,,加德满都市,2824.0
陈毅随周恩拜会尼泊尔首相毕·普·柯伊拉腊（加德满都市）,2825,1960-04-26 00:00:00,,加德满都市,2824.0
陈毅随周恩拜会尼泊尔首相毕·普·柯伊拉腊（加德满都市）,2825,1960-04-26 00:00:00,,加德满都市,2824.0
陈毅出席《中国和尼泊尔和平友好条约》签字仪式（加德满都市）,2826,1960-04-28 00:00:00,,加德满都市,2824.0
陈毅欢迎阿尔及利亚共和国临时政府代表团（北京市）,2827,1960-05-19 00:00:00,,北京市,348.0
陈毅随周恩来访问蒙古（乌兰巴托市）,2828,1960-05-27 00:00:00,,乌兰巴托市,2485.0
陈毅出席蒙古部长会议主席泽登巴尔的招待午宴（乌兰巴托市）,2829,1960-05-27 00:00:00,,乌兰巴托市,2485.0
陈毅随周恩来拜会蒙古部长会议主席泽登巴尔（乌兰巴托市）,2830,1960-05-27 00:00:00,,乌兰巴托市,2485.0
陈毅随周恩来拜会蒙古部长会议主席泽登巴尔（乌兰巴托市）,2830,1960-05-27 00:00:00,,乌兰巴托市,2485.0
陈毅出席《中国和蒙古友好互助条约》签字仪式（乌兰巴托市）,2831,1960-05-31 00:00:00,,乌兰巴托市,2485.0
陈毅出席中共中央在上海举行的政治局扩大会议（上海市）,2832,1960-06-14 00:00:00,,上海市,375.0
陈毅宣布中国政府承认马里联邦（北京市）,2833,1960-06-19 00:00:00,,北京市,348.0
陈毅宣布中国政府承认索马里兰（北京市）,2834,1960-06-25 00:00:00,,北京市,348.0
陈毅宣布中国政府承认刚果共和国（北京市）,2835,1960-06-26 00:00:00,,北京市,348.0
陈毅宣布中国政府承认达荷美共和国（北京市）,2836,1960-07-31 00:00:00,,北京市,348.0
陈毅宣布中国政府承认尼日尔共和国（北京市）,2837,1960-08-02 00:00:00,,北京市,348.0
陈毅宣布中国政府承认上沃尔特共和国（北京市）,2838,1960-08-04 00:00:00,,北京市,348.0
陈毅宣布中国政府承认象牙海岸共和国（北京市）,2839,1960-08-06 00:00:00,,北京市,348.0
陈毅宣布中国政府承认乍得共和国（北京市）,2840,1960-08-10 00:00:00,,北京市,348.0
陈毅宣布中国政府承认中非共和国（北京市）,2841,1960-08-13 00:00:00,,北京市,348.0
陈毅宣布中国政府承认塞浦路斯共和国（北京市）,2842,1960-08-15 00:00:00,,北京市,348.0
陈毅率代表团访问阿富汗（喀布尔市）,2843,1960-08-15 00:00:00,,喀布尔市,2293.0
陈毅拜会阿富汗首相萨达尔·穆罕默德·达乌德（喀布尔市）,2844,1960-08-21 00:00:00,,喀布尔市,2293.0
陈毅拜会阿富汗副首相阿里·穆罕默德（喀布尔市）,2845,1960-08-21 00:00:00,,喀布尔市,2293.0
陈毅拜会阿富汗副首相兼外交大臣萨达尔·穆罕默德·纳伊姆（喀布尔市）,2846,1960-08-21 00:00:00,,喀布尔市,2293.0
陈毅在机场欢迎几内亚代表团（北京市）,2847,1960-09-10 00:00:00,,北京市,348.0
陈毅出席《中国和几内亚友好条约》签字仪式（北京市）,2848,1960-09-13 00:00:00,,北京市,348.0
陈毅欢迎缅甸代表团访华（北京市）,2810,1960-09-28 00:00:00,,北京市,348.0
陈毅欢迎阿尔及利亚共和国临时政府代表团（北京市）,2827,1960-09-29 00:00:00,,北京市,348.0
陈毅宣布中国政府承认尼日利亚联邦（北京市）,2849,1960-09-30 00:00:00,,北京市,348.0
陈毅参加庆祝中华人民共和国成立11周年大会（北京市）,2850,1960-10-01 00:00:00,,北京市,348.0
陈毅发言（北京市）,3512,1960-10-01 00:00:00,,北京市,348.0
陈毅出席《中缅边界条约》签字仪式（北京市）,2851,1960-10-01 00:00:00,,北京市,348.0
陈毅欢迎柬埔寨代表团访华（北京市）,2852,1960-12-15 00:00:00,,北京市,348.0
陈毅出席《中国和柬埔寨友好和互不侵犯条约》签字仪式（北京市）,2853,1960-12-19 00:00:00,,北京市,348.0
陈毅陪同西哈努克亲王访问南京（南京市）,2854,1960-12-21 00:00:00,,南京市,344.0
陈毅陪同西哈努克亲王访问杭州（杭州市）,2855,1960-12-22 00:00:00,,杭州市,2858.0
陈毅陪同西哈努克亲王访问广州（广州市）,2856,1960-12-24 00:00:00,,广州市,459.0
西哈努克亲王授予陈毅柬埔寨皇家十字勋章（广州市）,2857,1960-12-25 00:00:00,,广州市,459.0
陈毅会见中尼边界联合委员会尼泊尔首席代表帕德马・巴哈杜尔・卡特里（北京市）,2944,1961-01-23 00:00:00,,北京市,348.0
陈毅在中共中央统战部报告会上作报告（北京市）,2945,1961-03-11 00:00:00,,北京市,348.0
加纳首任驻华大使科比纳克西拜会陈毅（北京市）,2946,1961-03-13 00:00:00,,北京市,348.0
陈毅在《中国和印尼友好条约》上签字（北京市）,2947,1961-04-01 00:00:00,,北京市,348.0
陈毅陪同缅甸总理吴努参观游览（大理市）,3395,1961-04-08 00:00:00,,大理市,2992.0
陈毅陪同缅甸总理吴努游览大理（大理市）,2948,1961-04-08 00:00:00,,大理市,2992.0
陈毅和周恩来陪同缅甸吴努欢度泼水节（景洪市）,2949,1961-04-15 00:00:00,,景洪市,2993.0
陈毅和周恩来陪同缅甸吴努欢度泼水节（景洪市）,2949,1961-04-15 00:00:00,,景洪市,2993.0
陈毅欢迎老挝代表团访华（北京市）,2950,1961-04-22 00:00:00,,北京市,348.0
陈毅参加周恩来与老挝首相梭发那・富马亲王的会谈（北京市）,2951,1961-04-23 00:00:00,,北京市,348.0
陈毅参加周恩来与老挝首相梭发那・富马亲王的会谈（北京市）,2951,1961-04-23 00:00:00,,北京市,348.0
陈毅陪同老挝代表团访问杭州（杭州市）,2952,1961-04-24 00:00:00,,杭州市,2858.0
陈毅宣布中国政府承认塞拉勒窝内（北京市）,2953,1961-04-26 00:00:00,,北京市,348.0
民主德国新任驻华大使约瑟夫·黑根拜会陈毅（北京市）,2954,1961-04-29 00:00:00,,北京市,348.0
马里首任驻华大使科尼巴·普莱亚拜会陈毅（北京市）,2955,1961-05-06 00:00:00,,北京市,348.0
陈毅任扩大的日内瓦会议中国全权代表（北京市）,2956,1961-05-08 00:00:00,,北京市,348.0
陈毅率团参加关于老挝问题的扩大的日内瓦会议（日内瓦）,1449,1961-05-09 00:00:00,,日内瓦,1450.0
陈毅发表讲话（日内瓦）,2958,1961-05-11 00:00:00,,日内瓦,1450.0
陈毅拜会苏联外交部长葛罗米柯（日内瓦）,2959,1961-05-11 00:00:00,,日内瓦,1450.0
陈毅设宴招待老挝代表团（日内瓦）,2960,1961-05-12 00:00:00,,日内瓦,1450.0
陈毅会见英国外交大臣霍姆（日内瓦）,2961,1961-05-13 00:00:00,,日内瓦,1450.0
印度国防部长梅农拜会陈毅（日内瓦）,2962,1961-05-13 00:00:00,,日内瓦,1450.0
陈毅设宴招待缅甸代表团（日内瓦）,2963,1961-05-14 00:00:00,,日内瓦,1450.0
陈毅作第一次发言（日内瓦）,2964,1961-05-16 00:00:00,,日内瓦,1450.0
陈毅设宴招待波兰代表团（日内瓦）,2965,1961-05-18 00:00:00,,日内瓦,1450.0
陈毅设宴招待柬埔寨代表团（日内瓦）,2966,1961-05-19 00:00:00,,日内瓦,1450.0
陈毅表示赞成苏联建议（日内瓦）,2967,1961-05-24 00:00:00,,日内瓦,1450.0
陈毅拜会瑞士联邦主席弗里德里克·瓦伦（日内瓦）,2968,1961-05-29 00:00:00,,日内瓦,1450.0
陈毅拜会瑞士联邦政治部长马克斯·彼蒂彼爱（日内瓦）,2969,1961-05-29 00:00:00,,日内瓦,1450.0
陈毅批判美国捏造事实（日内瓦）,2970,1961-06-01 00:00:00,,日内瓦,1450.0
陈毅谴责泰国代表（日内瓦）,2971,1961-06-12 00:00:00,,日内瓦,1450.0
陈毅重申中国立场（日内瓦）,2972,1961-06-26 00:00:00,,日内瓦,1450.0
陈毅将代表团交由章汉夫及乔冠华处理（日内瓦）,1461,1961-07-04 00:00:00,,日内瓦,1450.0
陈毅将代表团交由章汉夫及乔冠华处理（日内瓦）,1461,1961-07-04 00:00:00,,日内瓦,1450.0
陈毅拜会越南总理范文同（莫斯科市）,2973,1961-07-05 00:00:00,,莫斯科市,623.0
赫鲁晓夫设宴招待陈毅（莫斯科市）,2974,1961-07-05 00:00:00,,莫斯科市,623.0
陈毅拜访朝鲜首相金日成（莫斯科市）,2975,1961-07-06 00:00:00,,莫斯科市,623.0
陈毅欢迎朝鲜代表团访华（北京市）,2976,1961-07-10 00:00:00,,北京市,348.0
陈毅出席《中朝友好合作互助条约》签字仪式（北京市）,2977,1961-07-11 00:00:00,,北京市,348.0
陈毅陪同朝鲜代表团访问杭州（杭州市）,2978,1961-07-13 00:00:00,,杭州市,2858.0
陈毅欢迎越南总理范文同访华（北京市）,2979,1961-08-12 00:00:00,,北京市,348.0
锡兰新任驻华大使阿尔温·伯纳德·佩雷拉拜会陈毅（北京市）,2980,1961-08-13 00:00:00,,北京市,348.0
陈毅欢迎巴西副总统若奥·贝尔希奥·古拉特访华（北京市）,2981,1961-08-13 00:00:00,,北京市,348.0
陈毅陪同巴西副总统若奥·贝尔希奥·古拉特访问杭州（杭州市）,2982,1961-08-18 00:00:00,,杭州市,2858.0
陈毅陪同巴西副总统若奥·贝尔希奥·古拉特访问上海（上海市）,2983,1961-08-20 00:00:00,,上海市,375.0
陈毅欢迎古巴总统奥斯瓦耳多·多尔蒂科斯·托拉多访华（北京市）,2984,1961-09-22 00:00:00,,北京市,348.0
罗马尼亚新任驻华大使乔治乌·杜米特鲁拜会陈毅（北京市）,2985,1961-09-23 00:00:00,,北京市,348.0
陈毅欢迎尼泊尔国王马亨德拉访华（北京市）,2986,1961-09-29 00:00:00,,北京市,348.0
陈毅参加庆祝中华人民共和国成立12周年大会（北京市）,2987,1961-10-01 00:00:00,,北京市,348.0
陈毅出席《中国和尼泊尔边界条约》签字仪式（北京市）,2988,1961-10-05 00:00:00,,北京市,348.0
陈毅和周恩来陪同尼泊尔国王马亨德拉访问西安（西安市）,2989,1961-10-06 00:00:00,,西安市,2991.0
陈毅和周恩来陪同尼泊尔国王马亨德拉访问西安（西安市）,2989,1961-10-06 00:00:00,,西安市,2991.0
陈毅和周恩来陪同尼泊尔国王马亨德拉访问洛阳（洛阳市）,2990,1961-10-08 00:00:00,,洛阳市,2317.0
陈毅和周恩来陪同尼泊尔国王马亨德拉访问洛阳（洛阳市）,2990,1961-10-08 00:00:00,,洛阳市,2317.0
陈毅出席纪念辛亥革命50周年大会（北京市）,2994,1961-10-09 00:00:00,,北京市,348.0
陈毅宣布中国政府承认阿拉伯叙利亚共和国（北京市）,2995,1961-10-11 00:00:00,,北京市,348.0
陈毅欢迎缅甸联邦吴努总理访华（北京市）,2996,1961-10-11 00:00:00,,北京市,348.0
陈毅出席《中缅边界议定书》签字仪式（北京市）,2997,1961-10-13 00:00:00,,北京市,348.0
陈毅宣布中国政府承认坦噶尼喀（北京市）,2998,1961-12-08 00:00:00,,北京市,348.0
陈毅出席七千人大会（北京市）,2999,1962-01-11 00:00:00,,北京市,348.0
陈毅出席政协全国委员会三届三次会议（北京市）,3000,1962-03-23 00:00:00,,北京市,348.0
陈毅发言（北京市）,3512,1962-04-17 00:00:00,,北京市,348.0
阿富汗新任驻华大使穆罕默德·舒埃卜·米斯凯尼亚拜会陈毅（北京市）,3001,1962-03-26 00:00:00,,北京市,348.0
陈毅出席全国人大二届三次会议（北京市）,3002,1962-03-27 00:00:00,,北京市,348.0
陈毅发言（北京市）,3512,1962-04-16 00:00:00,,北京市,348.0
朝鲜新任驻华大使韩益洙拜会陈毅（北京市）,3003,1962-04-20 00:00:00,,北京市,348.0
摩洛哥首任驻华大使阿杜勒·拉赫曼·兹尼贝尔拜会陈毅（北京市）,3004,1962-04-29 00:00:00,,北京市,348.0
加纳新任驻华大使詹姆斯·默塞尔拜会陈毅（北京市）,3005,1962-05-21 00:00:00,,北京市,348.0
陈毅欢迎柬埔寨代表团访华（北京市）,2852,1962-06-01 00:00:00,,北京市,348.0
陈毅、贺龙与罗瑞卿会见老挝军事代表团（北京市）,3006,1962-06-10 00:00:00,,北京市,348.0
陈毅、贺龙与罗瑞卿会见老挝军事代表团（北京市）,3006,1962-06-10 00:00:00,,北京市,348.0
陈毅、贺龙与罗瑞卿会见老挝军事代表团（北京市）,3006,1962-06-10 00:00:00,,北京市,348.0
保加利亚新任驻华大使格奥尔基·库姆比利耶夫拜会陈毅（北京市）,3007,1962-06-11 00:00:00,,北京市,348.0
丹麦新任驻华大使安克尔·斯怀特拜会陈毅（北京市）,3008,1962-06-13 00:00:00,,北京市,348.0
陈毅欢迎朝鲜代表团访华（北京市）,2976,1962-06-16 00:00:00,,北京市,348.0
蒙古新任驻华大使敦道格·策伯格米德拜会陈毅（北京市）,3010,1962-06-21 00:00:00,,北京市,348.0
陈毅宣布中国政府承认阿尔及利亚共和国（北京市）,3011,1962-07-03 00:00:00,,北京市,348.0
陈毅率团参加关于老挝问题的扩大的日内瓦会议（日内瓦）,1449,1962-07-16 00:00:00,,日内瓦,1450.0
陈毅接受见瑞士电视台记者阿蒙·卡维泽尔采访（日内瓦）,3012,1962-07-19 00:00:00,,日内瓦,1450.0
越南外交部长雍文谦拜访陈毅（日内瓦）,3013,1962-07-19 00:00:00,,日内瓦,1450.0
陈毅迎接柬埔寨代表团（日内瓦）,3014,1962-07-20 00:00:00,,日内瓦,1450.0
陈毅迎接老挝代表团（日内瓦）,3015,1962-07-20 00:00:00,,日内瓦,1450.0
陈毅迎接苏联代表团（日内瓦）,3016,1962-07-20 00:00:00,,日内瓦,1450.0
陈毅发言（日内瓦）,3017,1962-07-21 00:00:00,,日内瓦,1450.0
陈毅出席扩大的日内瓦会议第四十二次全体会议（日内瓦）,3513,1962-07-21 00:00:00,,日内瓦,1450.0
陈毅会见印度国防部长梅农（日内瓦）,3018,1962-07-22 00:00:00,,日内瓦,1450.0
陈毅在《关于老挝中立的宣言》和《关于老挝中立的宣言的议定书》上签字（日内瓦）,3019,1962-07-23 00:00:00,,日内瓦,1450.0
陈毅宣布中国政府承认牙买加（北京市）,3020,1962-08-05 00:00:00,,北京市,348.0
马里新任驻华大使比拉马·待拉奥雷拜会陈毅（北京市）,3021,1962-08-17 00:00:00,,北京市,348.0
陈毅宣布中国政府承认特立尼达和多巴哥（北京市）,3022,1962-08-30 00:00:00,,北京市,348.0
陈毅出席中共八届十中全会（北京市）,3023,1962-09-24 00:00:00,,北京市,348.0
陈毅参加庆祝中华人民共和国成立13周年典礼（北京市）,3024,1962-10-01 00:00:00,,北京市,348.0
陈毅发言（北京市）,3512,1962-10-01 00:00:00,,北京市,348.0
陈毅宣布中国政府承认阿拉伯也门共和国（北京市）,3025,1962-10-06 00:00:00,,北京市,348.0
陈毅宣布中国政府承认乌干达（北京市）,3026,1962-10-08 00:00:00,,北京市,348.0
陈毅和周恩来拜会朝鲜首相金日成（平壤市）,3027,1962-10-11 00:00:00,,平壤市,2357.0
陈毅和周恩来拜会朝鲜首相金日成（平壤市）,3027,1962-10-11 00:00:00,,平壤市,2357.0
陈毅出席《中朝边界条约》签字仪式（平壤市）,3028,1962-10-12 00:00:00,,平壤市,2357.0
陈毅欢迎蒙古部长会议主席尤睦佳·泽登巴尔访华（北京市）,3029,1962-12-25 00:00:00,,北京市,348.0
陈毅出席《中蒙边界条约》签字仪式（北京市）,3030,1962-12-26 00:00:00,,北京市,348.0
陈毅欢迎锡兰总理班达拉奈克夫人访华（北京市）,3031,1962-12-31 00:00:00,,北京市,348.0
陈毅到三亚等地度假（三亚市）,2868,1963-01-09 00:00:00,,三亚市,2932.0
陈毅接见加纳政府友好代表团（广州市）,2869,1963-01-16 00:00:00,,广州市,459.0
陈毅欢迎图尔西·吉里（北京市）,2870,1963-01-19 00:00:00,,北京市,348.0
陈毅接见叙利亚共和国经济代表团（上海市）,2871,1963-02-12 00:00:00,,上海市,375.0
陈毅接见古巴政府经济代表团（上海市）,2872,1963-02-15 00:00:00,,上海市,375.0
陈毅接见日本亚非团结委员会访华代表团（北京市）,2873,1963-03-06 00:00:00,,北京市,348.0
陈毅陪同刘少奇到达印度尼西亚访问（雅加达市）,2874,1963-04-12 00:00:00,,雅加达市,2298.0
陈毅陪同刘少奇到达缅甸访问（仰光市）,2875,1963-04-20 00:00:00,,仰光市,2296.0
陈毅陪同刘少奇到达柬埔寨访问（金边市）,2876,1963-05-01 00:00:00,,金边市,2933.0
陈毅获悉母亲去世（昆明市）,2877,1963-05-09 00:00:00,,昆明市,1622.0
陈毅陪同刘少奇到达越南访问（河内市）,2878,1963-05-10 00:00:00,,河内市,1720.0
陈毅作关于刘少奇外交访问的报告（北京市）,2879,1963-05-25 00:00:00,,北京市,348.0
陈毅欢迎崔庸健（北京市）,2880,1963-06-06 00:00:00,,北京市,348.0
陈毅参加中国科学技术大学第一届毕业生毕业典礼（北京市）,2881,1963-07-14 00:00:00,,北京市,348.0
陈毅致信陈昊苏（北京市）,2882,1963-08-07 00:00:00,,北京市,348.0
陈毅到北戴河度假（北戴河区）,2883,1963-08-18 00:00:00,,北戴河区,1503.0
陈毅接见肯尼亚非洲民族联盟代表团（北京市）,2884,1963-09-04 00:00:00,,北京市,348.0
陈毅接见朝中友好协会代表团（北京市）,2885,1963-09-05 00:00:00,,北京市,348.0
陈毅接见越中友协代表团（北京市）,2886,1963-09-11 00:00:00,,北京市,348.0
陈毅接受围棋名誉七段段位称号（北京市）,2887,1963-09-27 00:00:00,,北京市,348.0
陈毅接见法国经济代表团（北京市）,2888,1963-09-28 00:00:00,,北京市,348.0
陈毅接见阿尔及利亚政府代表团（北京市）,2889,1963-09-30 00:00:00,,北京市,348.0
陈毅参加国庆典礼（北京市）,2890,1963-10-01 00:00:00,,北京市,348.0
陈毅出席中日友好协会成立大会（北京市）,2891,1963-10-04 00:00:00,,北京市,348.0
陈毅接见尼泊尔全国评议会代表团（北京市）,2892,1963-10-26 00:00:00,,北京市,348.0
陈毅接见苏中友好协会代表团（北京市）,2893,1963-11-06 00:00:00,,北京市,348.0
陈毅接见印度尼西亚经济代表团（北京市）,2894,1963-11-26 00:00:00,,北京市,348.0
陈毅参加肯尼亚独立庆典（内罗毕市）,2895,1963-12-10 00:00:00,,内罗毕市,2934.0
陈毅和周恩来访问阿联（开罗市）,2896,1963-12-14 00:00:00,,开罗市,1507.0
陈毅和周恩来访问阿尔及利亚（阿尔及尔市）,2897,1963-12-21 00:00:00,,阿尔及尔市,1512.0
陈毅和周恩来访问摩洛哥（拉巴特市）,2898,1963-12-27 00:00:00,,拉巴特市,2935.0
陈毅和周恩来访问阿尔巴尼亚（地拉那市）,2899,1963-12-31 00:00:00,,地拉那市,2936.0
陈毅和周恩来访问突尼斯（突尼斯市）,2900,1964-01-09 00:00:00,,突尼斯市,1519.0
陈毅和周恩来访问加纳（阿克拉市）,2901,1964-01-10 00:00:00,,阿克拉市,2937.0
陈毅和周恩来访问马里共和国（巴马科市）,2902,1964-01-16 00:00:00,,巴马科市,2938.0
陈毅作《访马里》诗（巴马科市）,3514,1964-01-16 00:00:00,,巴马科市,2938.0
陈毅和周恩来访问几内亚（科纳克里市）,2903,1964-01-21 00:00:00,,科纳克里市,2939.0
陈毅作《访几内亚》诗（科纳克里市）,3515,1964-01-21 00:00:00,,科纳克里市,2939.0
陈毅作《寄耿星同志》诗（科纳克里市）,3516,1964-01-21 00:00:00,,科纳克里市,2939.0
陈毅和周恩来访问苏丹（喀土穆市）,2904,1964-01-27 00:00:00,,喀土穆市,2940.0
陈毅和周恩来访问埃塞俄比亚（阿斯马拉市）,2905,1964-01-29 00:00:00,,阿斯马拉市,1532.0
陈毅和周恩来访问索马里（摩加迪沙市）,2906,1964-02-01 00:00:00,,摩加迪沙市,2941.0
陈毅和周恩来向四川省干部做外交访问报告（成都市）,2907,1964-02-11 00:00:00,,成都市,339.0
陈毅和周恩来访问缅甸（仰光市）,2908,1964-02-14 00:00:00,,仰光市,2296.0
陈毅和周恩来访问巴基斯坦（卡拉奇市）,2909,1964-02-18 00:00:00,,卡拉奇市,2306.0
陈毅和周恩来等访问锡兰（科伦坡市）,2910,1964-02-26 00:00:00,,科伦坡市,2942.0
陈毅接见柬埔寨王国军事代表团（北京市）,2911,1964-03-17 00:00:00,,北京市,348.0
陈毅欢迎老挝王国政府代表团（北京市）,2912,1964-04-04 00:00:00,,北京市,348.0
陈毅率领中国代表团前往雅加达（雅加达市）,2913,1964-04-10 00:00:00,,雅加达市,2298.0
陈毅发言（雅加达市）,2914,1964-04-11 00:00:00,,雅加达市,2298.0
陈毅欢迎肯尼亚政府代表团（北京市）,2915,1964-05-03 00:00:00,,北京市,348.0
陈毅接见苏联政府贸易代表团（北京市）,2916,1964-05-13 00:00:00,,北京市,348.0
陈毅欢迎马里政府代表团（北京市）,2917,1964-06-19 00:00:00,,北京市,348.0
陈毅欢迎肯尼亚友好代表团（上海市）,2918,1964-08-07 00:00:00,,上海市,375.0
陈毅欢迎委内瑞拉共产党中央代表团（北京市）,2919,1964-08-16 00:00:00,,北京市,348.0
陈毅欢迎老挝爱国战线党代表团（北京市）,2920,1964-08-22 00:00:00,,北京市,348.0
陈毅接见阿尔及利亚政府经济代表团（北京市）,2921,1964-09-15 00:00:00,,北京市,348.0
陈毅接见奥地利联邦商会代表团（北京市）,2922,1964-09-24 00:00:00,,北京市,348.0
陈毅欢迎西哈努克亲王（广州市）,2923,1964-09-26 00:00:00,,广州市,459.0
陈毅参加国庆典礼（北京市）,2890,1964-10-01 00:00:00,,北京市,348.0
陈毅作《感事》诗（北京市）,2924,1964-10-01 00:00:00,具体日期不详,北京市,348.0
陈毅参加阿尔及利亚革命十周年庆典（阿尔及尔市）,2925,1964-11-05 00:00:00,,阿尔及尔市,1512.0
陈毅参加柬埔寨完全独立11周年庆典（金边市）,2926,1964-11-08 00:00:00,,金边市,2933.0
陈毅视察广西西津水电站（横县）,2927,1964-11-15 00:00:00,,横县,2943.0
陈毅访问印度尼西亚（雅加达市）,2928,1964-11-26 00:00:00,,雅加达市,2298.0
陈毅访问缅甸（仰光市）,2929,1964-12-03 00:00:00,,仰光市,2296.0
陈毅致信陈丹淮（北京市）,2930,1964-12-17 00:00:00,,北京市,348.0
陈毅接见黎巴嫩议员代表团（北京市）,2931,1964-12-28 00:00:00,,北京市,348.0
陈毅出席国防委员会全体会议（北京市）,3100,1965-01-08 00:00:00,,北京市,348.0
陈毅欢迎苏班德里约博士率领的代表团（北京市）,3101,1965-01-23 00:00:00,,北京市,348.0
陈毅与柯西金谈话（北京市）,3102,1965-02-05 00:00:00,,北京市,348.0
毛泽东、刘少奇、陈毅等参加援越反美的群众集会（北京市）,3103,1965-02-10 00:00:00,,北京市,348.0
陈毅参加接见苏联代表团（北京市）,3104,1965-02-11 00:00:00,,北京市,348.0
陈毅到机场欢迎巴基斯坦总统穆罕默德·尤阿布·汗元帅（北京市）,3105,1965-03-03 00:00:00,,北京市,348.0
陈毅签署中国-巴基斯坦联合公报（北京市）,3106,1965-03-07 00:00:00,,北京市,348.0
陈毅到机场欢迎叙利亚访华友好代表团（北京市）,3108,1965-03-15 00:00:00,,北京市,348.0
陈毅到机场欢迎巴勒斯坦解放组织代表团（北京市）,3109,1965-03-17 00:00:00,,北京市,348.0
陈毅访问阿富汗（喀布尔市）,3107,1965-03-22 00:00:00,,喀布尔市,2293.0
阿富汗国王穆罕默德·查希尔·沙阿接见陈毅（喀布尔市）,3110,1965-03-22 00:00:00,,喀布尔市,2293.0
陈毅与阿富汗首相穆罕默德·优素福、副首相阿卜杜勒·查希尔会谈（喀布尔市）,3111,1965-03-23 00:00:00,,喀布尔市,2293.0
陈毅与阿富汗首相穆罕默德·优素福、副首相阿卜杜勒·查希尔会谈（喀布尔市）,3111,1965-03-23 00:00:00,,喀布尔市,2293.0
陈毅签署中国和阿富汗边界议定书、文化合作协定以及经济技术合作协定（喀布尔市）,3112,1965-03-24 00:00:00,,喀布尔市,2293.0
陈毅访问巴基斯坦（拉瓦尔品第）,3113,1965-03-25 00:00:00,,拉瓦尔品第,2308.0
陈毅访问尼泊尔（加德满都市）,3114,1965-03-30 00:00:00,,加德满都市,2824.0
尼泊尔国王马亨德拉接见陈毅（加德满都市）,3115,1965-03-31 00:00:00,,加德满都市,2824.0
陈毅写作《昆明游西山》（昆明市）,3116,1965-04-04 00:00:00,,昆明市,1622.0
陈毅到机场欢迎阿拉伯联合共和国总统外交事务顾问萨布里（北京市）,3398,1965-04-06 00:00:00,,北京市,348.0
陈毅与阿拉伯联合共和国总统外交事务顾问萨布里会谈（北京市）,3117,1965-04-07 00:00:00,,北京市,348.0
陈毅陪同萨布里参观访问武汉（武汉市）,3118,1965-04-11 00:00:00,,武汉市,524.0
陈毅欢迎老挝爱国战线党代表团（昆明市）,3119,1965-04-14 00:00:00,,昆明市,1622.0
陈毅和周恩来参加万隆会议十周年庆祝活动（雅加达）,3120,1965-04-16 00:00:00,,雅加达,2298.0
陈毅写作《水调歌头·访问雅加达》（雅加达）,3121,1965-04-16 00:00:00,,雅加达,2298.0
陈毅陪同周恩来拜会印度尼西亚外交部长苏班德里约（雅加达）,3122,1965-04-16 00:00:00,,雅加达,2298.0
陈毅参与会见金日成（雅加达）,3123,1965-04-16 00:00:00,,雅加达,2298.0
周恩来夫妇和陈毅拜会柬埔寨国家元首西哈努克亲王（雅加达）,3124,1965-04-17 00:00:00,,雅加达,2298.0
周恩来夫妇和陈毅拜会柬埔寨国家元首西哈努克亲王（雅加达）,3124,1965-04-17 00:00:00,,雅加达,2298.0
陈毅出席纪念万隆会议10周年的仪式（雅加达）,3125,1965-04-18 00:00:00,,雅加达,2298.0
陈毅迎接越南总理范文同（昆明市）,3126,1965-04-23 00:00:00,,昆明市,1622.0
陈毅参加周恩来与苏班德里约的会谈（广州市）,3127,1965-05-28 00:00:00,,广州市,459.0
陈毅参加周恩来与苏班德里约的会谈（广州市）,3127,1965-05-28 00:00:00,,广州市,459.0
苏联新任驻华大使拉宾拜会陈毅（北京市）,3128,1965-05-31 00:00:00,,北京市,348.0
陈毅迎接阿尔及利亚代表团（北京市）,3129,1965-06-04 00:00:00,,北京市,348.0
陈毅与阿尔及利亚国民议会外交事务委员会主席穆罕默德·亚齐德会谈（北京市）,3130,1965-06-04 00:00:00,,北京市,348.0
陈毅被任命为中国出席第二次亚非会议政府代表团副团长（北京市）,3131,1965-06-16 00:00:00,,北京市,348.0
陈毅和周恩来访问阿拉伯联合共和国（开罗市）,3399,1965-06-18 00:00:00,,开罗市,1507.0
陈毅写作《喀喇昆仑山初航》词二首,3132,1965-06-18 00:00:00,,,
周恩来和陈毅拜会阿拉伯联合共和国总统塞纳尔（开罗市）,3133,1965-06-20 00:00:00,,开罗市,1507.0
周恩来和陈毅会见巴勒斯坦解放组织主席舒凯里（开罗市）,3134,1965-06-29 00:00:00,,开罗市,1507.0
陈毅同印度尼西亚、巴基斯坦和阿拉伯联合共和国三国外长会谈（开罗市）,3135,1965-06-30 00:00:00,,开罗市,1507.0
陈毅写作《归国越昆仑飞抵和田》（和田市）,3136,1965-07-01 00:00:00,,和田市,3223.0
周恩来和陈毅到新疆视察（石河子）,3137,1965-07-05 00:00:00,,石河子,3224.0
陈毅写作《访新疆》诗二首（石河子）,3138,1965-07-05 00:00:00,,石河子,3224.0
陈毅迎接越南民主共和国国会访华友好代表团（北京市）,3139,1965-07-12 00:00:00,,北京市,348.0
陈毅迎接乌干达总理阿波洛·密尔顿·奥博特（北京市）,3140,1965-07-12 00:00:00,,北京市,348.0
陈毅迎接李宗仁夫妇（上海市）,3141,1965-07-20 00:00:00,,上海市,375.0
陈毅参加毛泽东与索马里共和国总统欧斯曼的会谈（北京市）,3142,1965-07-23 00:00:00,,北京市,348.0
陈毅参加接见奈温（北京市）,3143,1965-07-26 00:00:00,,北京市,348.0
陈毅宣布中国政府承认马尔代夫（北京市）,3144,1965-08-02 00:00:00,,北京市,348.0
苏加诺接见陈毅（雅加达）,3145,1965-08-20 00:00:00,,雅加达,2298.0
陈毅致电祝贺中国阿富汗友好条约签订5周年（北京市）,3146,1965-08-25 00:00:00,,北京市,348.0
陈毅与尼泊尔大臣会议副主席比斯塔会谈（北京市）,3147,1965-08-26 00:00:00,,北京市,348.0
陈毅对叙利亚进行友好访问（大马士革）,3148,1965-09-05 00:00:00,,大马士革,3229.0
陈毅访问阿尔及利亚（阿尔及尔市）,3149,1965-09-07 00:00:00,,阿尔及尔市,1512.0
陈毅访问马里（巴马科市）,3150,1965-09-09 00:00:00,,巴马科市,2938.0
陈毅访问几内亚（科纳克里市）,3151,1965-09-15 00:00:00,,科纳克里市,2939.0
陈毅迎接西哈努克亲王和夫人（成都市）,3152,1965-09-22 00:00:00,,成都市,339.0
陈毅答记者问（北京市）,3153,1965-09-29 00:00:00,,北京市,348.0
陈毅参加检阅国庆群众游行（北京市）,3154,1965-10-01 00:00:00,,北京市,348.0
陈毅任纪念孙中山诞辰100周年筹备委员会副主任（北京市）,3155,1965-10-24 00:00:00,,北京市,348.0
陈毅电贺中柬友好和互不侵犯条约签订5周年（北京市）,3156,1965-12-18 00:00:00,,北京市,348.0
陈毅被增补为中央军委副主席（北京市）,3157,1966-01-08 00:00:00,,北京市,348.0
陈毅到广东视察（广州市）,3158,1966-01-20 00:00:00,左右,广州市,459.0
陈毅写作《广州花市》（广州市）,3235,1966-01-20 00:00:00,左右,广州市,459.0
陈毅写作《游肇庆》（广州市）,3236,1966-01-20 00:00:00,左右,广州市,459.0
陈毅写作《七星岩》（广州市）,3237,1966-01-20 00:00:00,左右,广州市,459.0
陈毅写作《鼎湖飞泉》（广州市）,3238,1966-01-20 00:00:00,左右,广州市,459.0
陈毅接见19名知识青年（北京市）,3159,1966-03-10 00:00:00,,北京市,348.0
陈毅陪同刘少奇夫妇访问巴基斯坦（拉瓦尔品第）,3160,1966-03-26 00:00:00,,拉瓦尔品第,2308.0
陈毅陪同刘少奇夫妇访问阿富汗（喀布尔市）,3161,1966/4/41,,喀布尔市,2293.0
陈毅陪同刘少奇夫妇访问巴基斯坦（达卡）,3162,1966-04-15 00:00:00,,达卡,3226.0
陈毅陪同刘少奇夫妇访问缅甸（仰光市）,3163,1966-04-17 00:00:00,,仰光市,2296.0
陈毅参加中央政治局常委扩大会议（杭州市）,3164,1966-04-22 00:00:00,,杭州市,2858.0
陈毅迎接阿尔巴尼亚党政代表团（北京市）,3165,1966-04-28 00:00:00,,北京市,348.0
周恩来和陈毅接见柬中友好协会代表团（北京市）,3169,1966-05-02 00:00:00,,北京市,348.0
陈毅参加中共中央政治局扩大会议（北京市）,3170,1966-05-04 00:00:00,,北京市,348.0
陈毅参加中央政治局常委扩大会议（北京市）,3171,1966-06-01 00:00:00,月初,北京市,348.0
陈毅迎接马里代表团（北京市）,3172,1966-06-05 00:00:00,,北京市,348.0
陈毅陪同尼泊尔国王太子访问（沈阳市）,3173,1966-06-29 00:00:00,,沈阳市,3227.0
陈毅参加“八一”建军节联欢晚会（北京市）,3174,1966-07-31 00:00:00,,北京市,348.0
外交部出现陈毅的大字报（北京市）,3175,1966-07-01 00:00:00,下旬,北京市,348.0
陈毅出席中共中央八届十一中全会（北京市）,3176,1966-08-01 00:00:00,,北京市,348.0
陈毅陪同毛泽东检阅群众游行队伍（北京市）,3183,1966-08-18 00:00:00,,北京市,348.0
陈毅参与接见赞比亚政府代表团（北京市）,3185,1966-08-21 00:00:00,,北京市,348.0
陈毅和周恩来、陶铸等观看《红灯记》、《沙家浜》（北京市）,3188,1966-09-28 00:00:00,,北京市,348.0
陈毅和周恩来、陶铸等观看《红灯记》、《沙家浜》（北京市）,3188,1966-09-28 00:00:00,,北京市,348.0
陈毅和周恩来、陶铸等观看《红灯记》、《沙家浜》（北京市）,3188,1966-09-28 00:00:00,,北京市,348.0
陈毅汇报外事口运动的情况（北京市）,3190,1966-09-01 00:00:00,下旬,北京市,348.0
陈毅出席中央工作会议（北京市）,3192,1966-10-09 00:00:00,,北京市,348.0
陈毅写作《无产阶级文化大革命万岁》（北京市）,3194,1966-10-01 00:00:00,,北京市,348.0
陈毅写作《题西山红叶》（北京市）,3196,1966,深秋,北京市,348.0
陈毅出席首都纪念孙中山先生诞生100周年大会（北京市）,3198,1966-11-12 00:00:00,,北京市,348.0
陈毅在外交部红卫兵大会上讲话（北京市）,3201,1966-11-14 00:00:00,,北京市,348.0
陈毅出席文艺界无产阶级文化大革命大会（北京市）,3203,1966-11-28 00:00:00,,北京市,348.0
王洪文等人发动“一月风暴”（上海市）,3034,1967-01-06 00:00:00,,上海市,375.0
陈毅会见阿尔巴尼亚劳动党中央政治局委员希斯尼·卡博（北京市）,3035,1967-01-14 00:00:00,,北京市,348.0
陈毅会见阿尔巴尼亚劳动党中央委员贝哈尔·什图拉（北京市）,3400,1967-01-14 00:00:00,,北京市,348.0
陈毅与周恩来商定外办“夺权”的办法（北京市）,3036,1967-01-19 00:00:00,,北京市,348.0
陈毅让李一氓组织外办工作人员“夺权”以免外事大权旁落（北京市）,3037,1967-01-19 00:00:00,,北京市,348.0
陈毅在外事口各单位造反派万人大会上作“检查”（北京市）,3038,1967-01-24 00:00:00,,北京市,348.0
陈毅和周恩来打电话慰问中国驻苏联大使馆的同志（北京市）,3039,1967-02-05 00:00:00,,北京市,348.0
陈毅向周恩来建议驻外使领馆一律不准搞“四大”（北京市）,3040,1967-02-06 00:00:00,,北京市,348.0
周恩来将陈毅电报呈送毛泽东（北京市）,3041,1967-02-06 00:00:00,,北京市,348.0
周恩来将陈毅电报呈送毛泽东（北京市）,3041,1967-02-06 00:00:00,,北京市,348.0
毛泽东签发外事口“二七”指示（北京市）,3042,1967-02-06 00:00:00,,北京市,348.0
毛泽东召开中央常委扩大会议（北京市）,3043,1967-02-10 00:00:00,,北京市,348.0
毛泽东宣布要扩大中央常委扩大会议（北京市）,3044,1967-02-10 00:00:00,,北京市,348.0
陈毅等人在怀仁堂政治局会议上批评“文化大革命”的错误做法（北京市）,1672,1967-02-11 00:00:00,,北京市,348.0
毛泽东深夜召集周恩来等人开会（北京市）,3046,1967-02-18 00:00:00,,北京市,348.0
毛泽东批评所谓“二月逆流”（北京市）,3047,1967-02-18 00:00:00,,北京市,348.0
陈毅、谭震林、徐向前被要求“请假检讨”（北京市）,1674,1967-02-18 00:00:00,,北京市,348.0
陈毅、谭震林、徐向前被要求“请假检讨”（北京市）,1674,1967-02-18 00:00:00,,北京市,348.0
中央政治局扩大会议批评陈毅、谭震林、徐向前（北京市）,3048,1967-02-18 00:00:00,,北京市,348.0
中央政治局扩大会议批评陈毅、谭震林、徐向前（北京市）,3048,1967-02-18 00:00:00,,北京市,348.0
陈毅参加声讨苏修法西斯暴行大会（北京市）,3049,1967-02-11 00:00:00,,北京市,348.0
陈毅迎接毛里塔尼亚伊斯兰共和国政府代表团（北京市）,3050,1967-02-12 00:00:00,,北京市,348.0
陈毅陪同毛泽东接见毛里塔尼亚伊斯兰共和国政府代表团（北京市）,3051,1967-02-15 00:00:00,,北京市,348.0
陈毅陪同毛泽东接见毛里塔尼亚伊斯兰共和国政府代表团（北京市）,3051,1967-02-15 00:00:00,,北京市,348.0
陈毅代表中国政府与毛里塔尼亚伊斯兰共和国政府签订合作协议（北京市）,3052,1967-02-16 00:00:00,,北京市,348.0
陈毅参加7次“政治局生活会”（北京市）,3053,1967-02-25 00:00:00,,北京市,348.0
陈毅和周恩来接见坦桑尼亚驻华大使姆瓦鲁科（北京市）,3054,1967-03-23 00:00:00,,北京市,348.0
陈毅和周恩来接见坦桑尼亚驻华大使姆瓦鲁科（北京市）,3054,1967-03-23 00:00:00,,北京市,348.0
首都大专院校红代会成立“批判陈毅联络站”（北京市）,3055,1967-04-06 00:00:00,,北京市,348.0
陈毅在天安门城楼欢度“五一”之夜（北京市）,3056,1967-05-01 00:00:00,,北京市,348.0
“首都大专院校红代会批陈联络站”编印《陈毅黑史》（北京市）,3057,1967-05-07 00:00:00,,北京市,348.0
外事口造反派和红卫兵组织冲击外交部（北京市）,3058,1967-05-11 00:00:00,,北京市,348.0
外事口造反派和红卫兵组织打出“打倒陈毅”的标语（北京市）,3059,1967-05-11 00:00:00,,北京市,348.0
周恩来警告外交部造反派和外交系统院校红卫兵组织代表（北京市）,3060,1967-05-15 00:00:00,,北京市,348.0
周恩来警告外交部造反派和外交系统院校红卫兵组织代表（北京市）,3060,1967-05-15 00:00:00,,北京市,348.0
陈毅陪同周恩来接见古哈·阿尤布·汗（北京市）,3061,1967-05-16 00:00:00,,北京市,348.0
陈毅陪同周恩来接见古哈·阿尤布·汗（北京市）,3061,1967-05-16 00:00:00,,北京市,348.0
陈毅参加声讨英国帝国主义镇压香港爱国同胞暴行大会（北京市）,3062,1967-05-18 00:00:00,,北京市,348.0
陈毅接见越南驻中国大使馆临时代办黎终始（北京市）,3063,1967-05-22 00:00:00,,北京市,348.0
毛泽东指示以陈毅“问题”围攻周恩来的做法是错误的（北京市）,3064,1967-05-29 00:00:00,,北京市,348.0
毛泽东指示以陈毅“问题”围攻周恩来的做法是错误的（北京市）,3064,1967-05-29 00:00:00,,北京市,348.0
造反派的“揪陈”行动有所收敛（北京市）,3065,1967-05-29 00:00:00,,北京市,348.0
陈毅参加纪念毛泽东《在延安文艺座谈会上的讲话》发表25周年文艺晚会（北京市）,3066,1967-06-02 00:00:00,,北京市,348.0
陈毅和周恩来接见阿拉伯联合共和国驻中国大使伊马姆（北京市）,3067,1967-06-08 00:00:00,,北京市,348.0
陈毅和周恩来接见阿拉伯联合共和国驻中国大使伊马姆（北京市）,3067,1967-06-08 00:00:00,,北京市,348.0
陈毅参加周恩来和卡翁达举行的会谈（北京市）,3068,1967-06-22 00:00:00,,北京市,348.0
陈毅参加周恩来和卡翁达举行的会谈（北京市）,3068,1967-06-22 00:00:00,,北京市,348.0
陈毅和周恩来陪同毛泽东接见即将回国的刚果（布）实习生（北京市）,3069,1967-07-11 00:00:00,,北京市,348.0
陈毅和周恩来陪同毛泽东接见即将回国的刚果（布）实习生（北京市）,3069,1967-07-11 00:00:00,,北京市,348.0
陈毅和周恩来陪同毛泽东接见即将回国的刚果（布）实习生（北京市）,3069,1967-07-11 00:00:00,,北京市,348.0
陈毅和周恩来会见黄文欢率领的越南国会访华友好代表团（北京市）,3070,1967-07-14 00:00:00,,北京市,348.0
陈毅和周恩来会见黄文欢率领的越南国会访华友好代表团（北京市）,3070,1967-07-14 00:00:00,,北京市,348.0
一外、二外造反派组成的“揪陈大军”在外交部门口安营扎寨（北京市）,3071,1967-07-15 00:00:00,,北京市,348.0
陈毅参加中国给予越南经济技术援助协定的签字仪式（北京市）,3072,1967-08-05 00:00:00,,北京市,348.0
王力公开煽动“外交部可以夺权”（北京市）,3073,1967-08-07 00:00:00,,北京市,348.0
陈毅陪同周恩来接见马里政府代表团（北京市）,3074,1967-08-09 00:00:00,,北京市,348.0
陈毅陪同周恩来接见马里政府代表团（北京市）,3074,1967-08-09 00:00:00,,北京市,348.0
中央文革小组召开批判陈毅大会（北京市）,3075,1967-08-11 00:00:00,,北京市,348.0
谢富治主持批斗陈毅大会（北京市）,3076,1967-08-15 00:00:00,,北京市,348.0
外交部造反派夺权（北京市）,3077,1967-08-16 00:00:00,,北京市,348.0
外交部造反派掀起反对周恩来和陈毅的逆流（北京市）,3078,1967-08-16 00:00:00,,北京市,348.0
外交部造反派掀起反对周恩来和陈毅的逆流（北京市）,3078,1967-08-16 00:00:00,,北京市,348.0
陈毅陪同周恩来接见柬埔寨外交大臣富里萨拉（北京市）,3079,1967-08-17 00:00:00,,北京市,348.0
陈毅陪同周恩来接见柬埔寨外交大臣富里萨拉（北京市）,3079,1967-08-17 00:00:00,,北京市,348.0
外交部展开“批极左、抓坏人”的群众运动（北京市）,3080,1967-08-01 00:00:00,1967年8月底,北京市,348.0
中央收回外交大权（北京市）,3081,1967-08-31 00:00:00,,北京市,348.0
陈毅参加中华人民共和国成立18周年庆典（北京市）,3082,1967-10-01 00:00:00,,北京市,348.0
陈毅和李先念接见巴基斯坦政府经济代表团（北京市）,3083,1967-11-17 00:00:00,,北京市,348.0
陈毅和李先念接见巴基斯坦政府经济代表团（北京市）,3083,1967-11-17 00:00:00,,北京市,348.0
陈毅父亲陈家余去世（成都市）,3084,1967-12-26 00:00:00,,成都市,339.0
陈毅参加接见在京学习毛泽东思想的各单位代表（北京市）,3085,1967-12-31 00:00:00,,北京市,348.0
外交部各司局长、大使贴出题为《揭露敌人，战而胜之——批判“打倒陈毅”的反动口号》的大字报（北京市）,3086,1968-02-13 00:00:00,,北京市,348.0
陈毅参加毛泽东对解放军北京卫戍区部队等的接见（北京市）,3087,1968-02-19 00:00:00,,北京市,348.0
江青污蔑陈小鲁（北京市）,3088,1968-04-01 00:00:00,4月中旬,北京市,348.0
江青派人向陈小鲁散布“联动”言论（北京市）,3089,1968-04-01 00:00:00,4月中旬,北京市,348.0
周恩来安排陈小鲁到东北第三十九军的农场中锻炼（北京市）,3090,1968-04-01 00:00:00,4月中旬,北京市,348.0
陈毅参加接见在京学习毛泽东思想的各单位代表（北京市）,3085,1968-05-08 00:00:00,,北京市,348.0
陈毅参与毛泽东对各地来京人员的接见（北京市）,3091,1968-05-20 00:00:00,,北京市,348.0
陈毅陪同毛泽东等接见几内亚马里联合访华友好代表团（北京市）,3092,1968-05-24 00:00:00,,北京市,348.0
陈毅陪同毛泽东和林彪接见比斯塔等人（北京市）,3093,1968-05-28 00:00:00,,北京市,348.0
陈毅陪同毛泽东和林彪接见比斯塔等人（北京市）,3093,1968-05-28 00:00:00,,北京市,348.0
陈毅陪同毛泽东和林彪接见比斯塔等人（北京市）,3093,1968-05-28 00:00:00,,北京市,348.0
陈毅参加周恩来同尼雷尔的会谈（北京市）,3094,1968-06-19 00:00:00,,北京市,348.0
陈毅参加周恩来同尼雷尔的会谈（北京市）,3094,1968-06-19 00:00:00,,北京市,348.0
陈毅陪同毛泽东和林彪接见尼雷尔（北京市）,3095,1968-06-21 00:00:00,,北京市,348.0
陈毅陪同毛泽东和林彪接见尼雷尔（北京市）,3095,1968-06-21 00:00:00,,北京市,348.0
陈毅陪同毛泽东和林彪接见尼雷尔（北京市）,3095,1968-06-21 00:00:00,,北京市,348.0
陈毅参加庆祝中国共产党成立47周年文艺晚会（北京市）,3096,1968-07-01 00:00:00,,北京市,348.0
陈毅陪同毛泽东接见阿沙德·侯赛因等人（北京市）,3097,1968-08-05 00:00:00,,北京市,348.0
陈毅陪同毛泽东接见阿沙德·侯赛因等人（北京市）,3097,1968-08-05 00:00:00,,北京市,348.0
陈毅参加接见在京学习毛泽东思想的各单位代表（北京市）,3085,1968-08-15 00:00:00,,北京市,348.0
陈毅参加周恩来对南也门人民共和国代表团的接见（北京市）,3098,1968-09-24 00:00:00,,北京市,348.0
陈毅参加中华人民共和国成立19周年庆典（北京市）,3099,1968-10-01 00:00:00,,北京市,348.0
陈毅参加中共八届扩大的十二中全会（北京市）,3166,1968-10-13 00:00:00,,北京市,348.0
康生等人在中共八届扩大的十二中全会上围攻陈毅等老同志（北京市）,3167,1968-10-13 00:00:00,,北京市,348.0
张春桥指使王洪文等人编造《陈毅反动言论小集》（北京市）,3168,1968-11-01 00:00:00,,北京市,348.0
陈毅参加接见在京学习毛泽东思想的各单位代表（北京市）,3177,1969-01-25 00:00:00,,北京市,348.0
陈毅到北京南口机车车辆机械厂蹲点（北京市）,3178,1969-02-01 00:00:00,2月初,北京市,348.0
珍宝岛自卫反击战,3230,1969-03-01 00:00:00,3月初,珍宝岛,3220.0
毛泽东委托陈毅等人就珍宝岛事件探讨世界局势（北京市）,3180,1969-03-01 00:00:00,3月初,北京市,348.0
陈毅出席中共第九次全国代表大会（北京市）,3181,1969-04-01 00:00:00,,北京市,348.0
陈毅在中共第九次全国代表大会上受到张春桥等人的围攻（北京市）,3182,1969-04-01 00:00:00,4月1日-24日,北京市,348.0
陈毅当选为中央委员（北京市）,3184,1969-04-01 00:00:00,4月1日-24日,北京市,348.0
陈毅参加中共九届一中全会（北京市）,3186,1969-04-28 00:00:00,,北京市,348.0
陈毅被排除在政治局之外（北京市）,3187,1969-04-28 00:00:00,,北京市,348.0
第九届中央政治局第一次会议通过陈毅为中央军委副主席（北京市）,3189,1969-04-28 00:00:00,,北京市,348.0
陈毅参加庆祝“五一”晚会（北京市）,3191,1969-05-01 00:00:00,,北京市,348.0
陈毅出席庆祝中国人民解放军建军42周年招待会（北京市）,3193,1969-08-01 00:00:00,,北京市,348.0
陈毅参加庆祝建国20周年大会（北京市）,3195,1969-10-01 00:00:00,,北京市,348.0
在京老同志疏散到外地（北京市）,3197,1969-10-17 00:00:00,,北京市,348.0
徐向前请中央调整他和陈毅的去向安排（北京市）,3199,1969-10-17 00:00:00,,北京市,348.0
徐向前请中央调整他和陈毅的去向安排（北京市）,3199,1969-10-17 00:00:00,,北京市,348.0
中央批准徐向前的调整建议（北京市）,3200,1969-10-17 00:00:00,,北京市,348.0
张茜陪同陈毅从北京到石家庄（石家庄市）,3202,1969-10-20 00:00:00,,石家庄市,3221.0
陈毅在铁道部石家庄车辆厂半天劳动半天学习（石家庄市）,3204,1969-10-20 00:00:00,,石家庄市,3221.0
陈毅出席在庐山举行的中共九届二中全会（庐山）,3205,1969-08-23 00:00:00,,庐山,3222.0
陈毅因病返京治疗（北京市）,3206,1969-10-21 00:00:00,,北京市,348.0
陈毅到三〇一医院住院（北京市）,3207,1969-10-26 00:00:00,,北京市,348.0
陈毅出院（北京市）,3208,1969-12-22 00:00:00,,北京市,348.0
周恩来批准陈毅的阑尾手术（北京市）,3209,1971-01-16 00:00:00,,北京市,348.0
周恩来派卞志强医生陪张茜同去医院（北京市）,3210,1971-01-16 00:00:00,,北京市,348.0
周恩来派卞志强医生陪张茜同去医院（北京市）,3210,1971-01-16 00:00:00,,北京市,348.0
周恩来派卞志强医生陪张茜同去医院（北京市）,3210,1971-01-16 00:00:00,,北京市,348.0
陈毅在天安门城楼观看焰火（北京市）,3211,1971-05-01 00:00:00,,北京市,348.0
陈毅与张茜在家中庭院合影（北京市）,3212,1971-05-02 00:00:00,,北京市,348.0
陈毅在妻女的陪同下到北戴河疗养（北戴河区）,3213,1971-07-01 00:00:00,,北戴河区,1503.0
张茜邀请聂荣臻夫妇参加陈毅70寿辰（北戴河区）,3214,1971-09-02 00:00:00,,北戴河区,1503.0
张茜邀请聂荣臻夫妇参加陈毅70寿辰（北戴河区）,3214,1971-09-02 00:00:00,,北戴河区,1503.0
陈毅和聂荣臻着军装合影（北戴河区）,3215,1971-09-02 00:00:00,,北戴河区,1503.0
陈毅从北戴河返京（北京市）,3216,1971-09-09 00:00:00,,北京市,348.0
林彪等人在温都尔汗坠机（温都尔汗）,3217,1971-09-13 00:00:00,,温都尔汗,3225.0
陈毅参加揭露林彪反党集团座谈会（北京市）,3218,1971-10-01 00:00:00,,北京市,348.0
毛泽东为“二月逆流”平反（北京市）,3219,1971-11-14 00:00:00,,北京市,348.0
